-- --------------------------------------------------------
-- Хост:                         127.0.0.1
-- Версия сервера:               5.5.53-MariaDB - mariadb.org binary distribution
-- Операционная система:         Win64
-- HeidiSQL Версия:              9.4.0.5125
-- --------------------------------------------------------

/*!40101 SET @OLD_CHARACTER_SET_CLIENT=@@CHARACTER_SET_CLIENT */;
/*!40101 SET NAMES utf8 */;
/*!50503 SET NAMES utf8mb4 */;
/*!40014 SET @OLD_FOREIGN_KEY_CHECKS=@@FOREIGN_KEY_CHECKS, FOREIGN_KEY_CHECKS=0 */;
/*!40101 SET @OLD_SQL_MODE=@@SQL_MODE, SQL_MODE='NO_AUTO_VALUE_ON_ZERO' */;


-- Дамп структуры базы данных scandinaver
CREATE DATABASE IF NOT EXISTS `scandinaver` /*!40100 DEFAULT CHARACTER SET utf8 */;
USE `scandinaver`;

-- Дамп структуры для таблица scandinaver.categories
CREATE TABLE IF NOT EXISTS `categories` (
  `id` int(11) NOT NULL AUTO_INCREMENT,
  `name` varchar(255) NOT NULL DEFAULT '0',
  `created_at` timestamp NULL DEFAULT NULL,
  `updated_at` timestamp NULL DEFAULT NULL,
  `deleted_at` timestamp NULL DEFAULT NULL,
  PRIMARY KEY (`id`),
  KEY `name` (`name`)
) ENGINE=InnoDB AUTO_INCREMENT=23 DEFAULT CHARSET=utf8;

-- Дамп данных таблицы scandinaver.categories: ~11 rows (приблизительно)
/*!40000 ALTER TABLE `categories` DISABLE KEYS */;
INSERT INTO `categories` (`id`, `name`, `created_at`, `updated_at`, `deleted_at`) VALUES
	(12, 'Общая ', NULL, NULL, NULL),
	(13, 'Исландия', NULL, NULL, NULL),
	(14, 'Швеция', NULL, NULL, NULL),
	(15, 'Норвегия', NULL, NULL, NULL),
	(16, 'Финляндия', NULL, NULL, NULL),
	(17, 'test', '2016-09-04 20:02:20', '2016-09-04 20:04:21', '2016-09-04 20:04:21'),
	(18, 'dddd', '2016-12-15 12:21:26', '2016-12-15 12:22:35', '2016-12-15 12:22:35'),
	(19, 'dddd', '2016-12-15 12:22:39', '2016-12-15 12:26:36', '2016-12-15 12:26:36'),
	(20, 'wefwef', '2016-12-15 12:25:58', '2016-12-15 12:26:39', '2016-12-15 12:26:39'),
	(21, 'wefwf', '2016-12-15 12:26:43', '2016-12-15 12:26:46', '2016-12-15 12:26:46'),
	(22, 'w', '2017-03-22 15:29:37', '2017-03-22 15:29:41', '2017-03-22 15:29:41');
/*!40000 ALTER TABLE `categories` ENABLE KEYS */;

-- Дамп структуры для таблица scandinaver.comments
CREATE TABLE IF NOT EXISTS `comments` (
  `id` int(11) NOT NULL AUTO_INCREMENT,
  `post_id` int(11) DEFAULT '0',
  `text` text,
  `author_id` int(11) DEFAULT '0',
  `created_at` timestamp NULL DEFAULT NULL,
  `updated_at` timestamp NULL DEFAULT NULL,
  `deleted_at` timestamp NULL DEFAULT NULL,
  KEY `id` (`id`)
) ENGINE=InnoDB AUTO_INCREMENT=19 DEFAULT CHARSET=utf8;

-- Дамп данных таблицы scandinaver.comments: ~14 rows (приблизительно)
/*!40000 ALTER TABLE `comments` DISABLE KEYS */;
INSERT INTO `comments` (`id`, `post_id`, `text`, `author_id`, `created_at`, `updated_at`, `deleted_at`) VALUES
	(5, 13, 'КомментарииКомментарииКомментарииКомментарииКомментарии', 1, NULL, '2016-12-15 12:18:43', '2016-12-15 12:18:43'),
	(6, 13, 'qweqwe', 1, NULL, '2016-12-15 12:11:33', '2016-12-15 12:11:33'),
	(7, 13, 'qweqwewefesdvsd', 1, NULL, '2016-12-15 12:18:43', '2016-12-15 12:18:43'),
	(8, 10, 'ddd', 1, '2016-08-28 02:27:47', '2016-09-04 18:02:43', NULL),
	(9, 10, 'коммент', 1, '2016-09-02 22:26:53', '2016-09-04 18:02:44', NULL),
	(10, 10, '<script>alert(\'xss\');</script>', 1, '2016-09-02 23:15:36', '2017-03-20 16:09:29', '2017-03-20 16:09:29'),
	(11, 20, 'efwefwe', 1, '2016-09-04 17:37:20', '2016-12-15 12:27:15', '2016-12-15 12:27:15'),
	(12, 22, '111111111111', 1, '2016-09-04 18:00:52', '2016-12-15 12:27:18', '2016-12-15 12:27:18'),
	(13, 23, '22222', 1, '2016-09-04 18:05:14', '2016-12-15 12:27:23', '2016-12-15 12:27:23'),
	(14, 22, '1213123123', 1, '2016-09-04 18:22:03', '2016-12-15 12:27:03', '2016-12-15 12:27:03'),
	(15, 24, '123', 1, '2016-09-04 18:35:31', '2016-12-15 12:27:08', '2016-12-15 12:27:08'),
	(16, 25, '222', 1, '2016-09-04 18:35:40', '2016-09-04 18:36:09', '2016-09-04 18:36:09'),
	(17, 10, 'уацум', 1, '2016-12-15 12:35:59', '2016-12-15 12:35:59', NULL),
	(18, 28, 'efwef', 1, '2017-03-22 15:29:08', '2017-03-22 15:29:08', NULL);
/*!40000 ALTER TABLE `comments` ENABLE KEYS */;

-- Дамп структуры для таблица scandinaver.config
CREATE TABLE IF NOT EXISTS `config` (
  `id` int(11) NOT NULL AUTO_INCREMENT,
  `name` varchar(255) NOT NULL,
  `value` varchar(255) DEFAULT NULL,
  `created_at` timestamp NULL DEFAULT NULL,
  `updated_at` timestamp NULL DEFAULT NULL,
  `deleted_at` timestamp NULL DEFAULT NULL,
  PRIMARY KEY (`id`),
  UNIQUE KEY `name` (`name`)
) ENGINE=MyISAM AUTO_INCREMENT=3 DEFAULT CHARSET=utf8;

-- Дамп данных таблицы scandinaver.config: 2 rows
/*!40000 ALTER TABLE `config` DISABLE KEYS */;
INSERT INTO `config` (`id`, `name`, `value`, `created_at`, `updated_at`, `deleted_at`) VALUES
	(1, 'forum_posts_on_page', '5', '0000-00-00 00:00:00', '0000-00-00 00:00:00', '0000-00-00 00:00:00'),
	(2, 'forum_topics_on_page', '5', '0000-00-00 00:00:00', '0000-00-00 00:00:00', '0000-00-00 00:00:00');
/*!40000 ALTER TABLE `config` ENABLE KEYS */;

-- Дамп структуры для таблица scandinaver.forum_forums
CREATE TABLE IF NOT EXISTS `forum_forums` (
  `id` int(11) NOT NULL AUTO_INCREMENT,
  `name` varchar(255) DEFAULT NULL,
  `description` varchar(255) DEFAULT NULL,
  `section_id` int(11) DEFAULT NULL,
  `sort` int(11) DEFAULT NULL,
  `locked` int(1) DEFAULT '0',
  `active` int(1) DEFAULT '1',
  `icon` varchar(255) DEFAULT NULL,
  `created_at` timestamp NULL DEFAULT NULL,
  `updated_at` timestamp NULL DEFAULT NULL,
  PRIMARY KEY (`id`),
  KEY `name` (`name`),
  KEY `active` (`active`)
) ENGINE=MyISAM AUTO_INCREMENT=20 DEFAULT CHARSET=utf8;

-- Дамп данных таблицы scandinaver.forum_forums: 8 rows
/*!40000 ALTER TABLE `forum_forums` DISABLE KEYS */;
INSERT INTO `forum_forums` (`id`, `name`, `description`, `section_id`, `sort`, `locked`, `active`, `icon`, `created_at`, `updated_at`) VALUES
	(1, 'Исландияя', 'icelandica', 1, NULL, 0, 1, 'ion-ios-paper-outline', NULL, '2017-03-22 14:49:52'),
	(2, 'Швеция', 'swedishj', 1, NULL, 0, 1, 'ion-ios-paper-outline', NULL, '2016-12-15 10:55:07'),
	(3, 'Финляндия', '', 1, NULL, 0, 0, 'ion-ios-paper-outline', NULL, '2017-03-07 20:53:28'),
	(5, 'Полезные ссылки', '', 1, NULL, 0, 1, 'ion-ios-bookmarks-outline', NULL, '2016-12-15 10:55:16'),
	(6, 'Помощь', '', 1, NULL, 0, 1, 'ion-ios-people', NULL, NULL),
	(7, 'Баги', '', 2, NULL, 0, 1, 'ion-nuclear', NULL, NULL),
	(8, 'Предложения', '', 2, NULL, 0, 1, 'ion-thumbsup', NULL, NULL),
	(9, 'FAQ', '', 2, NULL, 0, 1, 'ion-ios-information-outline', NULL, NULL);
/*!40000 ALTER TABLE `forum_forums` ENABLE KEYS */;

-- Дамп структуры для таблица scandinaver.forum_posts
CREATE TABLE IF NOT EXISTS `forum_posts` (
  `id` int(11) NOT NULL AUTO_INCREMENT,
  `topic_id` int(11) DEFAULT NULL,
  `text` longtext,
  `created_by` int(11) DEFAULT NULL COMMENT 'user_id',
  `attachment` varchar(255) DEFAULT NULL COMMENT 'link to file',
  `reply_to` int(11) DEFAULT NULL COMMENT 'user_id',
  `created_at` timestamp NULL DEFAULT NULL,
  `updated_at` timestamp NULL DEFAULT NULL,
  PRIMARY KEY (`id`),
  KEY `thread_id` (`topic_id`),
  KEY `author` (`created_by`)
) ENGINE=InnoDB AUTO_INCREMENT=86 DEFAULT CHARSET=utf8;

-- Дамп данных таблицы scandinaver.forum_posts: ~47 rows (приблизительно)
/*!40000 ALTER TABLE `forum_posts` DISABLE KEYS */;
INSERT INTO `forum_posts` (`id`, `topic_id`, `text`, `created_by`, `attachment`, `reply_to`, `created_at`, `updated_at`) VALUES
	(28, 10, '<p>сысысыс</p>\r\n', 1, NULL, 0, '2016-08-28 00:58:19', '2016-08-28 00:58:19'),
	(29, 29, '<p>ответ на новую исландскую тему</p>\r\n', 1, NULL, 0, '2016-08-28 02:02:03', '2016-08-28 02:02:03'),
	(30, 29, '<p>с картинкой</p>\r\n\r\n<p><img alt="" src="/uploads/forum/57c21c147f6df.png" style="height:150px; width:300px" /></p>\r\n', 1, NULL, 0, '2016-08-28 02:03:09', '2016-08-28 02:03:09'),
	(31, 30, '<p>уупукп</p>\r\n', 1, NULL, 0, '2016-12-15 12:33:57', '2016-12-15 12:33:57'),
	(32, 30, '<p><br />\r\n<img alt="" src="/uploads/forum/585263a1781d6.png" style="height:205px; width:410px" /></p>\r\n', 1, NULL, 0, '2016-12-15 12:34:33', '2016-12-15 12:34:33'),
	(33, 22, '<p>fff</p>\r\n', 1, NULL, 0, '2017-03-25 17:38:05', '2017-03-25 17:38:05'),
	(34, 22, '<p>wef</p>\r\n', 1, NULL, 0, '2017-03-25 17:38:16', '2017-03-25 17:38:16'),
	(35, 30, '<p>dddddddd</p>\r\n', 1, NULL, 0, '2017-03-27 18:13:46', '2017-03-27 18:13:46'),
	(36, 22, '<p>ascasc</p>\r\n', 1, NULL, 0, '2017-03-27 18:27:38', '2017-03-27 18:27:38'),
	(38, 18, '<p>фффффффф</p>\r\n', 1, NULL, 0, '2017-03-27 19:38:50', '2017-03-27 19:38:50'),
	(40, 19, '<p>фысфыс</p>\r\n', 1, NULL, 0, '2017-03-27 19:43:55', '2017-03-27 19:43:55'),
	(41, 11, '<p>фцвфцв</p>\r\n', 1, NULL, 0, '2017-03-27 19:49:00', '2017-03-27 19:49:00'),
	(42, 21, '<p>вввввв</p>\r\n', 1, NULL, 0, '2017-03-27 19:49:15', '2017-03-27 19:49:15'),
	(44, 19, '<p>фцвфвц</p>\r\n', 1, NULL, 0, '2017-03-27 19:53:03', '2017-03-27 19:53:03'),
	(45, 19, '<p>йцвйцв</p>\r\n', 1, NULL, 0, '2017-03-28 14:46:02', '2017-03-28 14:46:02'),
	(46, 29, '<p>фысфыс</p>\r\n', 1, NULL, 0, '2017-03-28 14:58:39', '2017-03-28 14:58:39'),
	(47, 29, '<p>фцвфцв</p>\r\n', 1, NULL, 0, '2017-03-28 14:59:24', '2017-03-28 14:59:24'),
	(48, 30, '<p>фцвфцвфвц</p>\r\n', 1, NULL, 0, '2017-03-28 15:00:02', '2017-03-28 15:00:02'),
	(49, 22, '<p>ыауыа</p>\r\n', 1, NULL, 0, '2017-03-28 15:03:04', '2017-03-28 15:03:04'),
	(50, 29, '<p>ыуаыуа</p>\r\n', 1, NULL, 0, '2017-03-28 15:03:20', '2017-03-28 15:03:20'),
	(51, 29, '<p>фцвфвц</p>\r\n', 1, NULL, 0, '2017-03-28 15:14:43', '2017-03-28 15:14:43'),
	(53, 21, '<p>фцвфцв</p>\r\n', 1, NULL, 0, '2017-03-28 15:18:28', '2017-03-28 15:18:28'),
	(54, 10, '<p>asacs</p>\r\n', 1, NULL, 0, '2017-03-28 15:34:53', '2017-03-28 15:34:53'),
	(55, 18, '<p>asacs</p>\r\n', 1, NULL, 0, '2017-03-28 15:36:10', '2017-03-28 15:36:10'),
	(56, 33, '<p>awdawd</p>\r\n', 1, NULL, 0, '2017-03-28 15:39:52', '2017-03-28 15:39:52'),
	(57, 32, '<p>ц</p>\r\n', 1, NULL, 0, '2017-03-28 15:56:40', '2017-03-28 15:56:40'),
	(58, 30, '<p>фцвфцв</p>\r\n', 1, NULL, 0, '2017-03-28 15:56:53', '2017-03-28 15:56:53'),
	(59, 34, '<p>фысфыс</p>\r\n', 1, NULL, 0, '2017-03-28 16:07:49', '2017-03-28 16:07:49'),
	(60, 34, '<p>фцвфцв</p>\r\n', 1, NULL, 0, '2017-03-28 16:11:39', '2017-03-28 16:11:39'),
	(62, 35, '<p>ццццццццц</p>\r\n', 1, NULL, 0, '2017-03-28 16:13:25', '2017-03-28 16:13:25'),
	(63, 32, '<p>фцвфцв</p>\r\n', 1, NULL, 0, '2017-03-28 16:13:36', '2017-03-28 16:13:36'),
	(65, 0, '<p>цццц</p>\r\n', 1, NULL, 0, '2017-03-28 16:18:26', '2017-03-28 16:18:26'),
	(67, 1, '<p>уууу</p>\r\n', 1, NULL, 0, '2017-03-28 16:45:26', '2017-03-28 16:45:26'),
	(71, 32, '<p>уау</p>\r\n', 1, NULL, 0, '2017-03-28 17:36:02', '2017-03-28 17:36:02'),
	(72, 25, '<p>йцвйцв</p>\r\n', 1, NULL, 0, '2017-03-28 19:27:21', '2017-03-28 19:27:21'),
	(73, 42, '<p>scsc</p>\r\n', 1, NULL, 0, '2017-03-29 13:44:16', '2017-03-29 13:44:16'),
	(74, NULL, '<p>sc</p>\r\n', 1, NULL, 0, '2017-03-29 19:33:43', '2017-03-29 19:33:43'),
	(75, NULL, '<p>sc</p>\r\n', 1, NULL, 0, '2017-03-29 19:35:03', '2017-03-29 19:35:03'),
	(76, NULL, '<p>sc</p>\r\n', 1, NULL, 0, '2017-03-29 19:35:35', '2017-03-29 19:35:35'),
	(78, 1, '<p>1</p>\r\n', 1, NULL, 0, '2017-03-29 19:36:50', '2017-03-29 19:36:50'),
	(79, 1, '<p>2</p>\r\n', 1, NULL, 0, '2017-03-29 19:36:55', '2017-03-29 19:36:55'),
	(80, 1, '<p>3</p>\r\n', 1, NULL, 0, '2017-03-29 19:37:00', '2017-03-29 19:37:00'),
	(81, 1, '<p>4</p>\r\n', 1, NULL, 0, '2017-03-29 19:37:15', '2017-03-29 19:37:15'),
	(82, 1, '<p>5</p>\r\n', 1, NULL, 0, '2017-03-29 19:37:20', '2017-03-29 19:37:20'),
	(83, 1, '<p>6</p>\r\n', 1, NULL, 0, '2017-03-29 19:37:36', '2017-03-29 19:37:36'),
	(84, 1, '<p>шдгш</p>\r\n', 1, NULL, 0, '2017-03-29 19:55:22', '2017-03-29 19:55:22'),
	(85, 1, '<p>yyyyyyyyy</p>\r\n', 1, NULL, 0, '2017-03-31 18:20:15', '2017-03-31 18:20:15');
/*!40000 ALTER TABLE `forum_posts` ENABLE KEYS */;

-- Дамп структуры для таблица scandinaver.forum_sections
CREATE TABLE IF NOT EXISTS `forum_sections` (
  `id` int(11) NOT NULL AUTO_INCREMENT,
  `name` varchar(255) NOT NULL COMMENT 'ычыч',
  `description` varchar(255) NOT NULL,
  `sort` int(11) NOT NULL,
  `active` int(11) DEFAULT '1',
  `created_at` timestamp NULL DEFAULT NULL,
  `updated_at` timestamp NULL DEFAULT NULL,
  PRIMARY KEY (`id`)
) ENGINE=MyISAM AUTO_INCREMENT=7 DEFAULT CHARSET=utf8;

-- Дамп данных таблицы scandinaver.forum_sections: 2 rows
/*!40000 ALTER TABLE `forum_sections` DISABLE KEYS */;
INSERT INTO `forum_sections` (`id`, `name`, `description`, `sort`, `active`, `created_at`, `updated_at`) VALUES
	(1, 'Общий раздел', 'Дружно выкладываем хуи', 11, 1, NULL, '2016-12-15 12:04:18'),
	(2, 'Технический раздел', 'описание секции 5', 8, 1, NULL, '2016-12-15 10:21:15');
/*!40000 ALTER TABLE `forum_sections` ENABLE KEYS */;

-- Дамп структуры для таблица scandinaver.forum_topics
CREATE TABLE IF NOT EXISTS `forum_topics` (
  `id` int(11) NOT NULL AUTO_INCREMENT,
  `forum_id` int(11) DEFAULT NULL,
  `name` varchar(255) DEFAULT NULL,
  `description` longtext,
  `created_by` int(11) DEFAULT NULL COMMENT 'user_id',
  `view` int(11) DEFAULT '0',
  `locked` int(1) DEFAULT '0',
  `active` int(1) DEFAULT '1',
  `deleted` int(1) DEFAULT '0',
  `created_at` timestamp NULL DEFAULT NULL,
  `updated_at` timestamp NULL DEFAULT NULL,
  PRIMARY KEY (`id`),
  KEY `name` (`name`),
  KEY `forum_id` (`forum_id`),
  KEY `creator` (`created_by`)
) ENGINE=InnoDB AUTO_INCREMENT=44 DEFAULT CHARSET=utf8;

-- Дамп данных таблицы scandinaver.forum_topics: ~23 rows (приблизительно)
/*!40000 ALTER TABLE `forum_topics` DISABLE KEYS */;
INSERT INTO `forum_topics` (`id`, `forum_id`, `name`, `description`, `created_by`, `view`, `locked`, `active`, `deleted`, `created_at`, `updated_at`) VALUES
	(1, 1, 'Общий раздел', 'Товарищи! рамки и место обучения кадров обеспечивает широкому кругу (специалистов) участие в формировании существенных финансовых и административных условий. Значимость этих проблем настолько очевидна, что постоянное информационно-пропагандистское обеспеч', 1, 104, 0, 1, 0, '2016-03-16 21:02:16', '2017-03-31 18:23:21'),
	(10, 1, 'топик для перевода is 2', 'Повседневная практика показывает, что постоянный количественный рост и сфера нашей активности в значительной степени обуславливает создание дальнейших направлений развития. Товарищи! постоянный количественный рост и сфера нашей активности требуют определе', 1, 23, 0, 1, 0, '2016-03-16 21:02:19', NULL),
	(11, 1, 'топик для перевода is 3', 'С другой стороны рамки и место обучения кадров в значительной степени обуславливает создание позиций, занимаемых участниками в отношении поставленных задач. Значимость этих проблем настолько очевидна, что укрепление и развитие структуры требуют определени', 1, 9, 0, 1, 0, '2016-03-16 21:02:21', NULL),
	(12, 2, 'топик для перевода sw 1', 'Товарищи! новая модель организационной деятельности обеспечивает широкому кругу (специалистов) участие в формировании систем массового участия. Значимость этих проблем настолько очевидна, что укрепление и развитие структуры позволяет оценить значение суще', 1, 5, 0, 1, 0, '2016-03-16 21:02:22', NULL),
	(13, 2, 'топик для перевода sw 2', 'С другой стороны постоянное информационно-пропагандистское обеспечение нашей деятельности требуют определения и уточнения соответствующий условий активизации. Товарищи! консультация с широким активом влечет за собой процесс внедрения и модернизации дальне', 1, 4, 0, 1, 0, '2016-03-16 21:02:24', NULL),
	(15, 0, 'qqqq', '<p>wwww</p>\r\n', 1, 0, 0, 1, 0, '2016-03-18 02:41:55', NULL),
	(18, 1, 'one more topic', '<p>conteeeent</p>\r\n', 1, 4, 0, 1, 0, '2016-03-18 03:05:26', NULL),
	(19, 1, 'another', '<p>pictureeee</p>\r\n\r\n<p><img alt="" src="/uploads/forum/56eb2b208033d.jpg" style="height:254px; width:431px" /></p>\r\n', 1, 16, 0, 1, 0, '2016-03-18 03:10:05', NULL),
	(21, 1, 'sss', '<p>dfsdfsdf</p>\r\n', 1, 5, 0, 1, 0, '2016-04-01 04:18:07', NULL),
	(22, 1, 'sdvs', '<p>sdv</p>\r\n', 1, 200, 0, 1, 0, '2016-04-01 04:46:48', NULL),
	(23, 7, 'страшный баг', '<p>описание страшного бага</p>\r\n', 1, 7, 0, 1, 0, '2016-04-30 04:31:50', NULL),
	(25, 5, 'test', '<p>это такой тест</p>\r\n', 1, 6, 0, 1, 0, '2016-05-27 22:16:31', '2017-03-28 19:27:21'),
	(29, 1, 'новая исландская тема', '<p>это моя новая исландская тема</p>\r\n', 1, 13, 0, 1, 0, '2016-08-28 02:01:28', '2016-08-28 02:01:28'),
	(30, 1, 'ууууу', '', 1, 17, 0, 1, 0, '2016-12-15 12:33:04', '2017-03-28 15:56:53'),
	(32, 1, '1', '<p>e</p>\r\n', 1, 9, 0, 1, 0, '2017-03-28 15:36:23', '2017-03-29 14:34:48'),
	(33, 1, '12', '<p>2</p>\r\n', 1, 5, 0, 1, 0, '2017-03-28 15:39:14', '2017-03-28 15:39:14'),
	(34, 1, 'цццц', '<p>ц</p>\r\n', 1, 7, 0, 1, 0, '2017-03-28 15:57:02', '2017-03-28 16:11:39'),
	(38, 3, '1', '', 1, 1, 0, 1, 0, '2017-03-28 19:25:44', '2017-03-28 19:25:44'),
	(39, 6, '2', '', 1, 1, 0, 1, 0, '2017-03-28 19:26:01', '2017-03-28 19:26:01'),
	(40, 8, '2', '', 1, 0, 0, 1, 0, '2017-03-28 19:26:23', '2017-03-28 19:26:23'),
	(41, 9, 'й', '<p>ц</p>\r\n', 1, 0, 0, 1, 0, '2017-03-28 19:26:36', '2017-03-28 19:26:36'),
	(42, 1, 'dddd', '<p>d</p>\r\n', 1, 0, 0, 1, 0, '2017-03-29 13:42:22', '2017-03-29 14:09:37'),
	(43, 1, 'wwwwwwwwwwwww', '<p>dddd</p>\r\n', 1, 5, 0, 1, 0, '2017-03-29 14:43:37', '2017-03-29 14:43:37');
/*!40000 ALTER TABLE `forum_topics` ENABLE KEYS */;

-- Дамп структуры для таблица scandinaver.log
CREATE TABLE IF NOT EXISTS `log` (
  `id` int(11) NOT NULL AUTO_INCREMENT,
  `message` varchar(255) DEFAULT '0',
  `type` varchar(255) DEFAULT '0',
  `created_at` timestamp NULL DEFAULT NULL,
  `updated_at` timestamp NULL DEFAULT NULL,
  PRIMARY KEY (`id`)
) ENGINE=InnoDB AUTO_INCREMENT=474 DEFAULT CHARSET=utf8;

-- Дамп данных таблицы scandinaver.log: ~628 rows (приблизительно)
/*!40000 ALTER TABLE `log` DISABLE KEYS */;
INSERT INTO `log` (`id`, `message`, `type`, `created_at`, `updated_at`) VALUES
	(4, 'autorized login: admin pass: 901018', '', '2016-08-27 22:38:34', '2016-08-27 22:38:34'),
	(5, 'autorized login: admin pass: 901018', '', '2016-08-27 22:40:11', '2016-08-27 22:40:11'),
	(6, 'autorized login: admin pass: 901018', '', '2016-08-27 22:41:42', '2016-08-27 22:41:42'),
	(7, 'autorized login: admin pass: 901018', '', '2016-08-27 22:45:04', '2016-08-27 22:45:04'),
	(8, 'autorized login: admin pass: 901018', '', '2016-08-27 22:45:53', '2016-08-27 22:45:53'),
	(9, 'autorized login: admin pass: 901018', '', '2016-08-27 22:51:43', '2016-08-27 22:51:43'),
	(10, 'autorized login: admin pass: 901018', '', '2016-08-27 22:52:07', '2016-08-27 22:52:07'),
	(11, 'autorized login: admin pass: 901018', '', '2016-08-27 22:53:52', '2016-08-27 22:53:52'),
	(12, 'autorized login: admin pass: 901018', '', '2016-08-27 22:55:36', '2016-08-27 22:55:36'),
	(13, 'autorized login: admin pass: 901018', '', '2016-08-27 22:56:57', '2016-08-27 22:56:57'),
	(14, 'autorized login: admin pass: 901018', '', '2016-08-28 00:10:22', '2016-08-28 00:10:22'),
	(15, 'Попытка входа в админку. login: admin, pass: 901018', '', '2016-08-28 02:49:57', '2016-08-28 02:49:57'),
	(16, 'Попытка входа в админку. login: admin, pass: 901018', '', '2016-08-28 02:50:03', '2016-08-28 02:50:03'),
	(17, 'Попытка входа в админку. login: admin, pass: 901018', '', '2016-08-28 02:52:45', '2016-08-28 02:52:45'),
	(18, 'Попытка входа в админку. login: admin, pass: 901018', '', '2016-08-28 02:53:35', '2016-08-28 02:53:35'),
	(19, 'autorized login: admin pass: 901018', '', '2016-08-28 02:54:40', '2016-08-28 02:54:40'),
	(20, 'autorized login: admin pass: 901018', '', '2016-08-28 02:54:57', '2016-08-28 02:54:57'),
	(21, 'autorized login: admin pass: 901018', '', '2016-09-04 13:46:26', '2016-09-04 13:46:26'),
	(22, 'autorized login: admin pass: 901018', '', '2016-09-04 13:46:28', '2016-09-04 13:46:28'),
	(23, 'autorized login: 1@n.ru pass: 123', '', '2016-09-04 23:48:51', '2016-09-04 23:48:51'),
	(24, 'autorized login: 1@n.ru pass: 123', '', '2016-09-04 23:51:19', '2016-09-04 23:51:19'),
	(25, 'autorized login: 1@n.ru pass: 123', '', '2016-09-04 23:58:13', '2016-09-04 23:58:13'),
	(26, 'autorized login: 1@n.ru pass: 123', '', '2016-09-04 23:59:53', '2016-09-04 23:59:53'),
	(27, 'autorized login: 1@n.ru pass: 123', '', '2016-09-05 00:01:53', '2016-09-05 00:01:53'),
	(28, 'autorized login: 1@n.ru pass: 123', '', '2016-09-05 00:04:15', '2016-09-05 00:04:15'),
	(29, 'register new user: admi', '', '2016-09-05 00:07:02', '2016-09-05 00:07:02'),
	(30, 'autorized login: 1@n.ru pass: 123', '', '2016-09-05 00:07:02', '2016-09-05 00:07:02'),
	(31, 'new user registration. login - admi; email - 1@n.ru', '', '2016-09-05 00:07:16', '2016-09-05 00:07:16'),
	(32, 'register new user: admi', '', '2016-09-05 00:08:44', '2016-09-05 00:08:44'),
	(33, 'new user registration. login - admi; email - 1@n.ru', '', '2016-09-05 00:08:46', '2016-09-05 00:08:46'),
	(34, 'autorized login: 1@n.ru pass: 123', '', '2016-09-05 00:08:47', '2016-09-05 00:08:47'),
	(35, 'register new user: 1', '', '2016-09-05 00:11:31', '2016-09-05 00:11:31'),
	(36, 'new user registration. login - 1; email - 1@1', '', '2016-09-05 00:11:33', '2016-09-05 00:11:33'),
	(37, 'autorized login: 1@1 pass: 1', '', '2016-09-05 00:11:34', '2016-09-05 00:11:34'),
	(38, 'autorized login: 1 pass: 1', '', '2016-09-05 00:13:44', '2016-09-05 00:13:44'),
	(39, 'autorized login: admin pass: 901018', '', '2016-09-05 00:15:22', '2016-09-05 00:15:22'),
	(40, 'autorized login: 1 pass: 1', '', '2016-09-05 00:16:22', '2016-09-05 00:16:22'),
	(41, 'new user registration. login - 2; email - 2@2', '', '2016-09-05 00:16:42', '2016-09-05 00:16:42'),
	(42, 'autorized login: 2@2 pass: 2', '', '2016-09-05 00:16:42', '2016-09-05 00:16:42'),
	(43, 'autorized login: admin pass: 901018', '', '2016-09-05 00:20:01', '2016-09-05 00:20:01'),
	(44, 'new user registration. login - 3; email - 3@scandinaver.org', '', '2016-09-05 00:20:24', '2016-09-05 00:20:24'),
	(45, 'autorized login: 3@scandinaver.org pass: 3', '', '2016-09-05 00:20:24', '2016-09-05 00:20:24'),
	(46, 'autorized login: admin pass: 123', '', '2016-09-05 04:04:43', '2016-09-05 04:04:43'),
	(47, 'autorized login: admin pass: 901018', '', '2016-09-12 11:22:08', '2016-09-12 11:22:08'),
	(48, 'login: admin pass: 901018', '', '2016-10-19 23:46:15', '2016-10-19 23:46:15'),
	(49, 'autorized login: admin pass: 901018', '', '2016-10-19 23:46:15', '2016-10-19 23:46:15'),
	(50, 'mobile user: admin;  connect succesful', '', '2016-10-19 23:46:15', '2016-10-19 23:46:15'),
	(51, 'login: admin pass: 901018', '', '2016-10-22 11:53:25', '2016-10-22 11:53:25'),
	(52, 'autorized login: admin pass: 901018', '', '2016-10-22 11:53:26', '2016-10-22 11:53:26'),
	(53, 'mobile user: admin;  connect succesful', '', '2016-10-22 11:53:26', '2016-10-22 11:53:26'),
	(54, 'login: admin pass: 901018', '', '2016-11-04 17:54:02', '2016-11-04 17:54:02'),
	(55, 'autorized login: admin pass: 901018', '', '2016-11-04 17:54:02', '2016-11-04 17:54:02'),
	(56, 'mobile user: admin;  connect succesful', '', '2016-11-04 17:54:02', '2016-11-04 17:54:02'),
	(57, 'login: admin pass: 901018d', '', '2016-11-04 17:54:30', '2016-11-04 17:54:30'),
	(58, 'mobile user: admin;  connect failed', '', '2016-11-04 17:54:30', '2016-11-04 17:54:30'),
	(59, 'login: admin pass: 901018', '', '2016-11-04 17:54:35', '2016-11-04 17:54:35'),
	(60, 'autorized login: admin pass: 901018', '', '2016-11-04 17:54:35', '2016-11-04 17:54:35'),
	(61, 'mobile user: admin;  connect succesful', '', '2016-11-04 17:54:36', '2016-11-04 17:54:36'),
	(62, 'login: admin pass: 901018', '', '2016-11-04 18:26:21', '2016-11-04 18:26:21'),
	(63, 'autorized login: admin pass: 901018', '', '2016-11-04 18:26:21', '2016-11-04 18:26:21'),
	(64, 'mobile user: admin;  connect succesful', '', '2016-11-04 18:26:21', '2016-11-04 18:26:21'),
	(65, 'login: adminw pass: 901018', '', '2016-11-04 18:26:38', '2016-11-04 18:26:38'),
	(66, 'mobile user: adminw;  connect failed', '', '2016-11-04 18:26:38', '2016-11-04 18:26:38'),
	(67, 'login: admin pass: 901018', '', '2016-11-04 18:27:12', '2016-11-04 18:27:12'),
	(68, 'autorized login: admin pass: 901018', '', '2016-11-04 18:27:12', '2016-11-04 18:27:12'),
	(69, 'mobile user: admin;  connect succesful', '', '2016-11-04 18:27:12', '2016-11-04 18:27:12'),
	(70, 'login: admin pass: 901018', '', '2016-11-09 06:02:26', '2016-11-09 06:02:26'),
	(71, 'autorized login: admin pass: 901018', '', '2016-11-09 06:02:26', '2016-11-09 06:02:26'),
	(72, 'mobile user: admin;  connect succesful', '', '2016-11-09 06:02:26', '2016-11-09 06:02:26'),
	(73, 'login: adminj pass: 901018', '', '2016-11-09 06:02:46', '2016-11-09 06:02:46'),
	(74, 'mobile user: adminj;  connect failed', '', '2016-11-09 06:02:47', '2016-11-09 06:02:47'),
	(75, 'login: admin pass: 901018', '', '2016-11-09 06:02:50', '2016-11-09 06:02:50'),
	(76, 'autorized login: admin pass: 901018', '', '2016-11-09 06:02:50', '2016-11-09 06:02:50'),
	(77, 'mobile user: admin;  connect succesful', '', '2016-11-09 06:02:50', '2016-11-09 06:02:50'),
	(78, 'login: admin pass: 901018', '', '2016-11-11 16:03:15', '2016-11-11 16:03:15'),
	(79, 'autorized login: admin pass: 901018', '', '2016-11-11 16:03:15', '2016-11-11 16:03:15'),
	(80, 'mobile user: admin;  connect succesful', '', '2016-11-11 16:03:15', '2016-11-11 16:03:15'),
	(81, 'login: admin pass: 901018', '', '2016-12-01 15:18:18', '2016-12-01 15:18:18'),
	(82, 'autorized login: admin pass: 901018', '', '2016-12-01 15:18:18', '2016-12-01 15:18:18'),
	(83, 'mobile user: admin;  connect succesful', '', '2016-12-01 15:18:18', '2016-12-01 15:18:18'),
	(84, 'autorized login: admin pass: 901018', '', '2016-12-02 23:03:24', '2016-12-02 23:03:24'),
	(85, 'autorized login: admin pass: 901018', '', '2016-12-02 23:03:30', '2016-12-02 23:03:30'),
	(86, 'autorized login: admin pass: 901018', '', '2016-12-02 23:03:36', '2016-12-02 23:03:36'),
	(87, 'autorized login: admin pass: 901018', '', '2016-12-02 23:05:59', '2016-12-02 23:05:59'),
	(88, 'autorized login: admin pass: 901018', '', '2016-12-02 23:07:37', '2016-12-02 23:07:37'),
	(89, 'autorized login: admin pass: 901018', '', '2016-12-02 23:08:21', '2016-12-02 23:08:21'),
	(90, 'autorized login: admin pass: 901018', '', '2016-12-02 23:17:47', '2016-12-02 23:17:47'),
	(91, 'login: admin pass: 901018', '', '2016-12-04 20:45:24', '2016-12-04 20:45:24'),
	(92, 'autorized login: admin pass: 901018', '', '2016-12-04 20:45:24', '2016-12-04 20:45:24'),
	(93, 'mobile user: admin;  connect succesful', '', '2016-12-04 20:45:25', '2016-12-04 20:45:25'),
	(94, 'autorized login: admin pass: 901018', '', '2016-12-04 20:53:12', '2016-12-04 20:53:12'),
	(95, 'login: admin pass: 901018', '', '2016-12-04 20:55:08', '2016-12-04 20:55:08'),
	(96, 'autorized login: admin pass: 901018', '', '2016-12-04 20:55:08', '2016-12-04 20:55:08'),
	(97, 'mobile user: admin;  connect succesful', '', '2016-12-04 20:55:08', '2016-12-04 20:55:08'),
	(98, 'autorized login: admin pass: 901018', '', '2016-12-04 21:13:21', '2016-12-04 21:13:21'),
	(99, 'autorized login: admin pass: 901018', '', '2016-12-15 12:36:44', '2016-12-15 12:36:44'),
	(100, 'new message from awdawdqawd', '', '2016-12-15 12:50:11', '2016-12-15 12:50:11'),
	(101, 'login: admin pass: 901018', '', '2016-12-19 12:23:52', '2016-12-19 12:23:52'),
	(102, 'autorized login: admin pass: 901018', '', '2016-12-19 12:23:52', '2016-12-19 12:23:52'),
	(103, 'mobile user: admin;  connect succesful', '', '2016-12-19 12:23:52', '2016-12-19 12:23:52'),
	(104, 'login: admin pass: 901018', '', '2017-01-10 23:51:08', '2017-01-10 23:51:08'),
	(105, 'autorized login: admin pass: 901018', '', '2017-01-10 23:51:09', '2017-01-10 23:51:09'),
	(106, 'mobile user: admin;  connect succesful', '', '2017-01-10 23:51:09', '2017-01-10 23:51:09'),
	(107, 'login: admin pass: 901018', '', '2017-01-10 23:51:12', '2017-01-10 23:51:12'),
	(108, 'autorized login: admin pass: 901018', '', '2017-01-10 23:51:12', '2017-01-10 23:51:12'),
	(109, 'mobile user: admin;  connect succesful', '', '2017-01-10 23:51:12', '2017-01-10 23:51:12'),
	(110, 'login: admin pass: 901018', '', '2017-01-10 23:51:15', '2017-01-10 23:51:15'),
	(111, 'autorized login: admin pass: 901018', '', '2017-01-10 23:51:15', '2017-01-10 23:51:15'),
	(112, 'mobile user: admin;  connect succesful', '', '2017-01-10 23:51:15', '2017-01-10 23:51:15'),
	(113, 'login: admin pass: 901018', '', '2017-01-23 18:25:25', '2017-01-23 18:25:25'),
	(114, 'autorized login: admin pass: 901018', '', '2017-01-23 18:25:26', '2017-01-23 18:25:26'),
	(115, 'mobile user: admin;  connect succesful', '', '2017-01-23 18:25:26', '2017-01-23 18:25:26'),
	(116, 'login: admin pass: 901018', '', '2017-01-26 08:23:13', '2017-01-26 08:23:13'),
	(117, 'autorized login: admin pass: 901018', '', '2017-01-26 08:23:13', '2017-01-26 08:23:13'),
	(118, 'mobile user: admin;  connect succesful', '', '2017-01-26 08:23:13', '2017-01-26 08:23:13'),
	(119, 'login: admin pass: 901018', '', '2017-01-26 21:45:18', '2017-01-26 21:45:18'),
	(120, 'autorized login: admin pass: 901018', '', '2017-01-26 21:45:18', '2017-01-26 21:45:18'),
	(121, 'mobile user: admin;  connect succesful', '', '2017-01-26 21:45:18', '2017-01-26 21:45:18'),
	(122, 'login: admin pass: 901018', '', '2017-01-26 21:45:19', '2017-01-26 21:45:19'),
	(123, 'autorized login: admin pass: 901018', '', '2017-01-26 21:45:19', '2017-01-26 21:45:19'),
	(124, 'mobile user: admin;  connect succesful', '', '2017-01-26 21:45:19', '2017-01-26 21:45:19'),
	(125, 'login: admin pass: 901018', '', '2017-01-27 14:52:30', '2017-01-27 14:52:30'),
	(126, 'autorized login: admin pass: 901018', '', '2017-01-27 14:52:30', '2017-01-27 14:52:30'),
	(127, 'mobile user: admin;  connect succesful', '', '2017-01-27 14:52:30', '2017-01-27 14:52:30'),
	(128, 'login: admin pass: 901018', '', '2017-01-27 15:17:43', '2017-01-27 15:17:43'),
	(129, 'autorized login: admin pass: 901018', '', '2017-01-27 15:17:43', '2017-01-27 15:17:43'),
	(130, 'mobile user: admin;  connect succesful', '', '2017-01-27 15:17:43', '2017-01-27 15:17:43'),
	(131, 'login: admin pass: 901018', '', '2017-01-27 15:43:41', '2017-01-27 15:43:41'),
	(132, 'autorized login: admin pass: 901018', '', '2017-01-27 15:43:41', '2017-01-27 15:43:41'),
	(133, 'mobile user: admin;  connect succesful', '', '2017-01-27 15:43:41', '2017-01-27 15:43:41'),
	(134, 'login: admin pass: 901018', '', '2017-01-27 15:54:50', '2017-01-27 15:54:50'),
	(135, 'autorized login: admin pass: 901018', '', '2017-01-27 15:54:50', '2017-01-27 15:54:50'),
	(136, 'mobile user: admin;  connect succesful', '', '2017-01-27 15:54:50', '2017-01-27 15:54:50'),
	(137, 'login: admin pass: 901018', '', '2017-01-27 15:57:15', '2017-01-27 15:57:15'),
	(138, 'autorized login: admin pass: 901018', '', '2017-01-27 15:57:15', '2017-01-27 15:57:15'),
	(139, 'mobile user: admin;  connect succesful', '', '2017-01-27 15:57:15', '2017-01-27 15:57:15'),
	(140, 'login: admin pass: 901018', '', '2017-01-27 16:10:25', '2017-01-27 16:10:25'),
	(141, 'autorized login: admin pass: 901018', '', '2017-01-27 16:10:25', '2017-01-27 16:10:25'),
	(142, 'mobile user: admin;  connect succesful', '', '2017-01-27 16:10:25', '2017-01-27 16:10:25'),
	(143, 'login: admin pass: 901018', '', '2017-01-27 16:10:38', '2017-01-27 16:10:38'),
	(144, 'autorized login: admin pass: 901018', '', '2017-01-27 16:10:38', '2017-01-27 16:10:38'),
	(145, 'mobile user: admin;  connect succesful', '', '2017-01-27 16:10:38', '2017-01-27 16:10:38'),
	(146, 'login: admin pass: 901018', '', '2017-01-27 16:10:59', '2017-01-27 16:10:59'),
	(147, 'autorized login: admin pass: 901018', '', '2017-01-27 16:10:59', '2017-01-27 16:10:59'),
	(148, 'mobile user: admin;  connect succesful', '', '2017-01-27 16:10:59', '2017-01-27 16:10:59'),
	(149, 'login: undefined pass: undefined', '', '2017-01-27 23:15:29', '2017-01-27 23:15:29'),
	(150, 'mobile user: undefined;  connect failed', '', '2017-01-27 23:15:29', '2017-01-27 23:15:29'),
	(151, 'login: undefined pass: undefined', '', '2017-01-27 23:15:42', '2017-01-27 23:15:42'),
	(152, 'mobile user: undefined;  connect failed', '', '2017-01-27 23:15:42', '2017-01-27 23:15:42'),
	(153, 'login: undefined pass: undefined', '', '2017-01-27 23:19:36', '2017-01-27 23:19:36'),
	(154, 'mobile user: undefined;  connect failed', '', '2017-01-27 23:19:36', '2017-01-27 23:19:36'),
	(155, 'login: undefined pass: undefined', '', '2017-01-27 23:19:53', '2017-01-27 23:19:53'),
	(156, 'mobile user: undefined;  connect failed', '', '2017-01-27 23:19:53', '2017-01-27 23:19:53'),
	(157, 'login: admin pass: 901018', '', '2017-01-27 23:28:02', '2017-01-27 23:28:02'),
	(158, 'autorized login: admin pass: 901018', '', '2017-01-27 23:28:02', '2017-01-27 23:28:02'),
	(159, 'mobile user: admin;  connect succesful', '', '2017-01-27 23:28:02', '2017-01-27 23:28:02'),
	(160, 'login: admin pass: 901018', '', '2017-01-27 23:30:25', '2017-01-27 23:30:25'),
	(161, 'autorized login: admin pass: 901018', '', '2017-01-27 23:30:25', '2017-01-27 23:30:25'),
	(162, 'mobile user: admin;  connect succesful', '', '2017-01-27 23:30:25', '2017-01-27 23:30:25'),
	(163, 'login: admin pass: 901018', '', '2017-01-27 23:36:10', '2017-01-27 23:36:10'),
	(164, 'autorized login: admin pass: 901018', '', '2017-01-27 23:36:10', '2017-01-27 23:36:10'),
	(165, 'mobile user: admin;  connect succesful', '', '2017-01-27 23:36:10', '2017-01-27 23:36:10'),
	(166, 'login: qwd pass: qwd', '', '2017-01-28 00:56:41', '2017-01-28 00:56:41'),
	(167, 'mobile user: qwd;  connect failed', '', '2017-01-28 00:56:41', '2017-01-28 00:56:41'),
	(168, 'login: qwe pass: qwe', '', '2017-01-28 01:24:28', '2017-01-28 01:24:28'),
	(169, 'mobile user: qwe;  connect failed', '', '2017-01-28 01:24:28', '2017-01-28 01:24:28'),
	(170, 'login: qwe pass: qwe', '', '2017-01-28 01:26:52', '2017-01-28 01:26:52'),
	(171, 'mobile user: qwe;  connect failed', '', '2017-01-28 01:26:52', '2017-01-28 01:26:52'),
	(172, 'login: q2e pass: q2e', '', '2017-01-28 01:27:00', '2017-01-28 01:27:00'),
	(173, 'mobile user: q2e;  connect failed', '', '2017-01-28 01:27:00', '2017-01-28 01:27:00'),
	(174, 'login: sszsd pass: asdas', '', '2017-01-28 01:28:34', '2017-01-28 01:28:34'),
	(175, 'mobile user: sszsd;  connect failed', '', '2017-01-28 01:28:34', '2017-01-28 01:28:34'),
	(176, 'login: sszsd pass: asdas', '', '2017-01-28 01:28:41', '2017-01-28 01:28:41'),
	(177, 'mobile user: sszsd;  connect failed', '', '2017-01-28 01:28:41', '2017-01-28 01:28:41'),
	(178, 'login: asda pass: sda', '', '2017-01-28 01:30:29', '2017-01-28 01:30:29'),
	(179, 'mobile user: asda;  connect failed', '', '2017-01-28 01:30:29', '2017-01-28 01:30:29'),
	(180, 'login: adsa pass: sd', '', '2017-01-28 01:31:02', '2017-01-28 01:31:02'),
	(181, 'mobile user: adsa;  connect failed', '', '2017-01-28 01:31:02', '2017-01-28 01:31:02'),
	(182, 'login: wefw pass: eff', '', '2017-01-28 01:33:02', '2017-01-28 01:33:02'),
	(183, 'mobile user: wefw;  connect failed', '', '2017-01-28 01:33:02', '2017-01-28 01:33:02'),
	(184, 'login: qwd pass: qwd', '', '2017-01-28 01:36:23', '2017-01-28 01:36:23'),
	(185, 'mobile user: qwd;  connect failed', '', '2017-01-28 01:36:23', '2017-01-28 01:36:23'),
	(186, 'login: rw pass: wre', '', '2017-01-28 01:37:55', '2017-01-28 01:37:55'),
	(187, 'mobile user: rw;  connect failed', '', '2017-01-28 01:37:55', '2017-01-28 01:37:55'),
	(188, 'login: rw pass: wre', '', '2017-01-28 01:37:56', '2017-01-28 01:37:56'),
	(189, 'mobile user: rw;  connect failed', '', '2017-01-28 01:37:56', '2017-01-28 01:37:56'),
	(190, 'login: rw pass: wre', '', '2017-01-28 01:37:58', '2017-01-28 01:37:58'),
	(191, 'mobile user: rw;  connect failed', '', '2017-01-28 01:37:58', '2017-01-28 01:37:58'),
	(192, 'login: rw pass: wre', '', '2017-01-28 01:38:02', '2017-01-28 01:38:02'),
	(193, 'mobile user: rw;  connect failed', '', '2017-01-28 01:38:02', '2017-01-28 01:38:02'),
	(194, 'login: rw pass: wre', '', '2017-01-28 01:38:09', '2017-01-28 01:38:09'),
	(195, 'mobile user: rw;  connect failed', '', '2017-01-28 01:38:09', '2017-01-28 01:38:09'),
	(196, 'login: asasd pass: asd', '', '2017-01-28 01:39:34', '2017-01-28 01:39:34'),
	(197, 'mobile user: asasd;  connect failed', '', '2017-01-28 01:39:34', '2017-01-28 01:39:34'),
	(198, 'login: awda pass: dawd', '', '2017-01-28 01:44:15', '2017-01-28 01:44:15'),
	(199, 'mobile user: awda;  connect failed', '', '2017-01-28 01:44:15', '2017-01-28 01:44:15'),
	(200, 'login: r pass: w', '', '2017-01-28 01:45:09', '2017-01-28 01:45:09'),
	(201, 'mobile user: r;  connect failed', '', '2017-01-28 01:45:09', '2017-01-28 01:45:09'),
	(202, 'login: r pass: e', '', '2017-01-28 01:46:57', '2017-01-28 01:46:57'),
	(203, 'mobile user: r;  connect failed', '', '2017-01-28 01:46:57', '2017-01-28 01:46:57'),
	(204, 'login: r pass: e', '', '2017-01-28 01:47:13', '2017-01-28 01:47:13'),
	(205, 'mobile user: r;  connect failed', '', '2017-01-28 01:47:13', '2017-01-28 01:47:13'),
	(206, 'login: r pass: e', '', '2017-01-28 01:47:18', '2017-01-28 01:47:18'),
	(207, 'mobile user: r;  connect failed', '', '2017-01-28 01:47:18', '2017-01-28 01:47:18'),
	(208, 'login: r pass: e', '', '2017-01-28 01:47:24', '2017-01-28 01:47:24'),
	(209, 'mobile user: r;  connect failed', '', '2017-01-28 01:47:24', '2017-01-28 01:47:24'),
	(210, 'login: r pass: e', '', '2017-01-28 01:47:43', '2017-01-28 01:47:43'),
	(211, 'mobile user: r;  connect failed', '', '2017-01-28 01:47:43', '2017-01-28 01:47:43'),
	(212, 'login: r pass: e', '', '2017-01-28 01:47:50', '2017-01-28 01:47:50'),
	(213, 'mobile user: r;  connect failed', '', '2017-01-28 01:47:50', '2017-01-28 01:47:50'),
	(214, 'login: r pass: e', '', '2017-01-28 01:47:58', '2017-01-28 01:47:58'),
	(215, 'mobile user: r;  connect failed', '', '2017-01-28 01:47:58', '2017-01-28 01:47:58'),
	(216, 'login: admin pass: 901018', '', '2017-01-28 01:48:04', '2017-01-28 01:48:04'),
	(217, 'autorized login: admin pass: 901018', '', '2017-01-28 01:48:04', '2017-01-28 01:48:04'),
	(218, 'mobile user: admin;  connect succesful', '', '2017-01-28 01:48:04', '2017-01-28 01:48:04'),
	(219, 'login: admin pass: as', '', '2017-01-28 01:48:16', '2017-01-28 01:48:16'),
	(220, 'mobile user: admin;  connect failed', '', '2017-01-28 01:48:16', '2017-01-28 01:48:16'),
	(221, 'login: r pass: t', '', '2017-01-28 01:51:39', '2017-01-28 01:51:39'),
	(222, 'mobile user: r;  connect failed', '', '2017-01-28 01:51:39', '2017-01-28 01:51:39'),
	(223, 'login: r pass: t', '', '2017-01-28 01:51:46', '2017-01-28 01:51:46'),
	(224, 'mobile user: r;  connect failed', '', '2017-01-28 01:51:46', '2017-01-28 01:51:46'),
	(225, 'login: admin pass: t', '', '2017-01-28 01:52:07', '2017-01-28 01:52:07'),
	(226, 'mobile user: admin;  connect failed', '', '2017-01-28 01:52:07', '2017-01-28 01:52:07'),
	(227, 'login: admin pass: 901018', '', '2017-01-28 01:52:19', '2017-01-28 01:52:19'),
	(228, 'autorized login: admin pass: 901018', '', '2017-01-28 01:52:19', '2017-01-28 01:52:19'),
	(229, 'mobile user: admin;  connect succesful', '', '2017-01-28 01:52:19', '2017-01-28 01:52:19'),
	(230, 'login: qwd pass: d', '', '2017-01-28 01:52:27', '2017-01-28 01:52:27'),
	(231, 'mobile user: qwd;  connect failed', '', '2017-01-28 01:52:27', '2017-01-28 01:52:27'),
	(232, 'login: admin pass: 901018', '', '2017-01-28 01:52:38', '2017-01-28 01:52:38'),
	(233, 'autorized login: admin pass: 901018', '', '2017-01-28 01:52:38', '2017-01-28 01:52:38'),
	(234, 'mobile user: admin;  connect succesful', '', '2017-01-28 01:52:38', '2017-01-28 01:52:38'),
	(235, 'login: s pass: d', '', '2017-01-28 01:57:16', '2017-01-28 01:57:16'),
	(236, 'mobile user: s;  connect failed', '', '2017-01-28 01:57:16', '2017-01-28 01:57:16'),
	(237, 'login: ss pass: d', '', '2017-01-28 01:57:20', '2017-01-28 01:57:20'),
	(238, 'mobile user: ss;  connect failed', '', '2017-01-28 01:57:20', '2017-01-28 01:57:20'),
	(239, 'login: ss pass: dd', '', '2017-01-28 01:57:24', '2017-01-28 01:57:24'),
	(240, 'mobile user: ss;  connect failed', '', '2017-01-28 01:57:24', '2017-01-28 01:57:24'),
	(241, 'login: ss pass: dd', '', '2017-01-28 01:57:33', '2017-01-28 01:57:33'),
	(242, 'mobile user: ss;  connect failed', '', '2017-01-28 01:57:33', '2017-01-28 01:57:33'),
	(243, 'login: ss pass: dd', '', '2017-01-28 01:57:36', '2017-01-28 01:57:36'),
	(244, 'mobile user: ss;  connect failed', '', '2017-01-28 01:57:36', '2017-01-28 01:57:36'),
	(245, 'login: ss pass: dd', '', '2017-01-28 01:57:38', '2017-01-28 01:57:38'),
	(246, 'mobile user: ss;  connect failed', '', '2017-01-28 01:57:38', '2017-01-28 01:57:38'),
	(247, 'login: d pass: f', '', '2017-01-28 02:04:00', '2017-01-28 02:04:00'),
	(248, 'mobile user: d;  connect failed', '', '2017-01-28 02:04:00', '2017-01-28 02:04:00'),
	(249, 'login: d pass: f', '', '2017-01-28 02:06:29', '2017-01-28 02:06:29'),
	(250, 'mobile user: d;  connect failed', '', '2017-01-28 02:06:29', '2017-01-28 02:06:29'),
	(251, 'login: d pass: f', '', '2017-01-28 02:07:17', '2017-01-28 02:07:17'),
	(252, 'mobile user: d;  connect failed', '', '2017-01-28 02:07:17', '2017-01-28 02:07:17'),
	(253, 'login: 2 pass: 2', '', '2017-01-28 02:10:03', '2017-01-28 02:10:03'),
	(254, 'autorized login: 2 pass: 2', '', '2017-01-28 02:10:03', '2017-01-28 02:10:03'),
	(255, 'mobile user: 2;  connect succesful', '', '2017-01-28 02:10:03', '2017-01-28 02:10:03'),
	(256, 'login: 2 pass: 3', '', '2017-01-28 02:12:34', '2017-01-28 02:12:34'),
	(257, 'mobile user: 2;  connect failed', '', '2017-01-28 02:12:34', '2017-01-28 02:12:34'),
	(258, 'login: awda pass: dawd', '', '2017-01-28 02:12:47', '2017-01-28 02:12:47'),
	(259, 'mobile user: awda;  connect failed', '', '2017-01-28 02:12:47', '2017-01-28 02:12:47'),
	(260, 'login: 3 pass: 2', '', '2017-01-28 02:13:03', '2017-01-28 02:13:03'),
	(261, 'mobile user: 3;  connect failed', '', '2017-01-28 02:13:03', '2017-01-28 02:13:03'),
	(262, 'login: admin pass: 901018', '', '2017-01-28 13:13:19', '2017-01-28 13:13:19'),
	(263, 'autorized login: admin pass: 901018', '', '2017-01-28 13:13:19', '2017-01-28 13:13:19'),
	(264, 'mobile user: admin;  connect succesful', '', '2017-01-28 13:13:19', '2017-01-28 13:13:19'),
	(265, 'login: w pass: w', '', '2017-01-28 13:13:34', '2017-01-28 13:13:34'),
	(266, 'mobile user: w;  connect failed', '', '2017-01-28 13:13:34', '2017-01-28 13:13:34'),
	(267, 'login: d pass: w', '', '2017-01-28 13:27:02', '2017-01-28 13:27:02'),
	(268, 'mobile user: d;  connect failed', '', '2017-01-28 13:27:02', '2017-01-28 13:27:02'),
	(269, 'login: d pass: w', '', '2017-01-28 13:27:05', '2017-01-28 13:27:05'),
	(270, 'mobile user: d;  connect failed', '', '2017-01-28 13:27:05', '2017-01-28 13:27:05'),
	(271, 'login: %D0%B0 pass: %D0%B0', '', '2017-01-28 13:31:12', '2017-01-28 13:31:12'),
	(272, 'mobile user: %D0%B0;  connect failed', '', '2017-01-28 13:31:12', '2017-01-28 13:31:12'),
	(273, 'login: d pass: w', '', '2017-01-28 13:31:36', '2017-01-28 13:31:36'),
	(274, 'mobile user: d;  connect failed', '', '2017-01-28 13:31:36', '2017-01-28 13:31:36'),
	(275, 'login: %D0%B2%D1%84 pass: w', '', '2017-01-28 13:31:39', '2017-01-28 13:31:39'),
	(276, 'mobile user: %D0%B2%D1%84;  connect failed', '', '2017-01-28 13:31:39', '2017-01-28 13:31:39'),
	(277, 'login: %D1%86 pass: %D0%B2', '', '2017-01-28 13:36:40', '2017-01-28 13:36:40'),
	(278, 'mobile user: %D1%86;  connect failed', '', '2017-01-28 13:36:40', '2017-01-28 13:36:40'),
	(279, 'login: admin pass: %D0%B2', '', '2017-01-28 13:36:52', '2017-01-28 13:36:52'),
	(280, 'mobile user: admin;  connect failed', '', '2017-01-28 13:36:52', '2017-01-28 13:36:52'),
	(281, 'login: admin pass: 901018', '', '2017-01-28 13:37:15', '2017-01-28 13:37:15'),
	(282, 'autorized login: admin pass: 901018', '', '2017-01-28 13:37:15', '2017-01-28 13:37:15'),
	(283, 'mobile user: admin;  connect succesful', '', '2017-01-28 13:37:15', '2017-01-28 13:37:15'),
	(284, 'login: w pass: d', '', '2017-01-28 13:37:41', '2017-01-28 13:37:41'),
	(285, 'mobile user: w;  connect failed', '', '2017-01-28 13:37:41', '2017-01-28 13:37:41'),
	(286, 'login: admin pass: d', '', '2017-01-28 13:37:50', '2017-01-28 13:37:50'),
	(287, 'mobile user: admin;  connect failed', '', '2017-01-28 13:37:50', '2017-01-28 13:37:50'),
	(288, 'login: %D0%B0 pass: %D0%B0', '', '2017-01-28 14:27:40', '2017-01-28 14:27:40'),
	(289, 'mobile user: %D0%B0;  connect failed', '', '2017-01-28 14:27:40', '2017-01-28 14:27:40'),
	(290, 'login: %D1%83 pass: %D0%BA', '', '2017-01-28 14:34:14', '2017-01-28 14:34:14'),
	(291, 'mobile user: %D1%83;  connect failed', '', '2017-01-28 14:34:14', '2017-01-28 14:34:14'),
	(292, 'login: admin pass: %D0%BA', '', '2017-01-28 14:34:26', '2017-01-28 14:34:26'),
	(293, 'mobile user: admin;  connect failed', '', '2017-01-28 14:34:26', '2017-01-28 14:34:26'),
	(294, 'login: admin pass: 901018', '', '2017-01-28 14:34:33', '2017-01-28 14:34:33'),
	(295, 'autorized login: admin pass: 901018', '', '2017-01-28 14:34:33', '2017-01-28 14:34:33'),
	(296, 'mobile user: admin;  connect succesful', '', '2017-01-28 14:34:33', '2017-01-28 14:34:33'),
	(297, 'login: admin pass: 901018', '', '2017-01-28 14:36:15', '2017-01-28 14:36:15'),
	(298, 'autorized login: admin pass: 901018', '', '2017-01-28 14:36:15', '2017-01-28 14:36:15'),
	(299, 'mobile user: admin;  connect succesful', '', '2017-01-28 14:36:15', '2017-01-28 14:36:15'),
	(300, 'login: admin pass: 901018', '', '2017-01-28 14:40:50', '2017-01-28 14:40:50'),
	(301, 'autorized login: admin pass: 901018', '', '2017-01-28 14:40:50', '2017-01-28 14:40:50'),
	(302, 'mobile user: admin;  connect succesful', '', '2017-01-28 14:40:50', '2017-01-28 14:40:50'),
	(303, 'login: admin pass: 901018', '', '2017-01-28 14:41:08', '2017-01-28 14:41:08'),
	(304, 'autorized login: admin pass: 901018', '', '2017-01-28 14:41:08', '2017-01-28 14:41:08'),
	(305, 'mobile user: admin;  connect succesful', '', '2017-01-28 14:41:08', '2017-01-28 14:41:08'),
	(306, 'login: admin pass: 901018', '', '2017-01-28 14:50:22', '2017-01-28 14:50:22'),
	(307, 'autorized login: admin pass: 901018', '', '2017-01-28 14:50:22', '2017-01-28 14:50:22'),
	(308, 'mobile user: admin;  connect succesful', '', '2017-01-28 14:50:22', '2017-01-28 14:50:22'),
	(309, 'login: admin pass: 901018', '', '2017-01-28 14:52:33', '2017-01-28 14:52:33'),
	(310, 'autorized login: admin pass: 901018', '', '2017-01-28 14:52:33', '2017-01-28 14:52:33'),
	(311, 'mobile user: admin;  connect succesful', '', '2017-01-28 14:52:33', '2017-01-28 14:52:33'),
	(312, 'login: admin pass: 901018', '', '2017-01-28 14:54:46', '2017-01-28 14:54:46'),
	(313, 'autorized login: admin pass: 901018', '', '2017-01-28 14:54:46', '2017-01-28 14:54:46'),
	(314, 'mobile user: admin;  connect succesful', '', '2017-01-28 14:54:46', '2017-01-28 14:54:46'),
	(315, 'login: admin pass: 901018', '', '2017-01-28 14:56:44', '2017-01-28 14:56:44'),
	(316, 'autorized login: admin pass: 901018', '', '2017-01-28 14:56:44', '2017-01-28 14:56:44'),
	(317, 'mobile user: admin;  connect succesful', '', '2017-01-28 14:56:44', '2017-01-28 14:56:44'),
	(318, 'login: admin pass: 901018', '', '2017-01-28 14:59:45', '2017-01-28 14:59:45'),
	(319, 'autorized login: admin pass: 901018', '', '2017-01-28 14:59:45', '2017-01-28 14:59:45'),
	(320, 'mobile user: admin;  connect succesful', '', '2017-01-28 14:59:45', '2017-01-28 14:59:45'),
	(321, 'login: admin pass: 901018', '', '2017-01-28 15:11:31', '2017-01-28 15:11:31'),
	(322, 'autorized login: admin pass: 901018', '', '2017-01-28 15:11:31', '2017-01-28 15:11:31'),
	(323, 'mobile user: admin;  connect succesful', '', '2017-01-28 15:11:31', '2017-01-28 15:11:31'),
	(324, 'login: admin pass: 901018', '', '2017-01-28 15:13:43', '2017-01-28 15:13:43'),
	(325, 'autorized login: admin pass: 901018', '', '2017-01-28 15:13:43', '2017-01-28 15:13:43'),
	(326, 'mobile user: admin;  connect succesful', '', '2017-01-28 15:13:43', '2017-01-28 15:13:43'),
	(327, 'login: admin pass: 901018', '', '2017-01-28 15:25:05', '2017-01-28 15:25:05'),
	(328, 'autorized login: admin pass: 901018', '', '2017-01-28 15:25:05', '2017-01-28 15:25:05'),
	(329, 'mobile user: admin;  connect succesful', '', '2017-01-28 15:25:05', '2017-01-28 15:25:05'),
	(330, 'login: admin pass: 901018', '', '2017-01-28 15:25:18', '2017-01-28 15:25:18'),
	(331, 'autorized login: admin pass: 901018', '', '2017-01-28 15:25:19', '2017-01-28 15:25:19'),
	(332, 'mobile user: admin;  connect succesful', '', '2017-01-28 15:25:19', '2017-01-28 15:25:19'),
	(333, 'login: admin pass: 901018', '', '2017-01-28 15:25:33', '2017-01-28 15:25:33'),
	(334, 'autorized login: admin pass: 901018', '', '2017-01-28 15:25:33', '2017-01-28 15:25:33'),
	(335, 'mobile user: admin;  connect succesful', '', '2017-01-28 15:25:33', '2017-01-28 15:25:33'),
	(336, 'login: admin pass: 901018', '', '2017-01-28 15:26:52', '2017-01-28 15:26:52'),
	(337, 'autorized login: admin pass: 901018', '', '2017-01-28 15:26:52', '2017-01-28 15:26:52'),
	(338, 'mobile user: admin;  connect succesful', '', '2017-01-28 15:26:52', '2017-01-28 15:26:52'),
	(339, 'login: admin pass: 901018', '', '2017-01-28 15:28:00', '2017-01-28 15:28:00'),
	(340, 'autorized login: admin pass: 901018', '', '2017-01-28 15:28:00', '2017-01-28 15:28:00'),
	(341, 'mobile user: admin;  connect succesful', '', '2017-01-28 15:28:00', '2017-01-28 15:28:00'),
	(342, 'login: admin pass: 901018', '', '2017-01-28 15:28:35', '2017-01-28 15:28:35'),
	(343, 'autorized login: admin pass: 901018', '', '2017-01-28 15:28:35', '2017-01-28 15:28:35'),
	(344, 'mobile user: admin;  connect succesful', '', '2017-01-28 15:28:35', '2017-01-28 15:28:35'),
	(345, 'login: admin pass: 901018', '', '2017-01-28 15:28:46', '2017-01-28 15:28:46'),
	(346, 'autorized login: admin pass: 901018', '', '2017-01-28 15:28:46', '2017-01-28 15:28:46'),
	(347, 'mobile user: admin;  connect succesful', '', '2017-01-28 15:28:46', '2017-01-28 15:28:46'),
	(348, 'login: admin pass: 901018', '', '2017-01-28 15:28:55', '2017-01-28 15:28:55'),
	(349, 'autorized login: admin pass: 901018', '', '2017-01-28 15:28:55', '2017-01-28 15:28:55'),
	(350, 'mobile user: admin;  connect succesful', '', '2017-01-28 15:28:55', '2017-01-28 15:28:55'),
	(351, 'login: admin pass: 901018', '', '2017-01-28 18:08:35', '2017-01-28 18:08:35'),
	(352, 'autorized login: admin pass: 901018', '', '2017-01-28 18:08:35', '2017-01-28 18:08:35'),
	(353, 'mobile user: admin;  connect succesful', '', '2017-01-28 18:08:35', '2017-01-28 18:08:35'),
	(354, 'login: admin pass: 901018', '', '2017-01-28 18:34:21', '2017-01-28 18:34:21'),
	(355, 'autorized login: admin pass: 901018', '', '2017-01-28 18:34:21', '2017-01-28 18:34:21'),
	(356, 'mobile user: admin;  connect succesful', '', '2017-01-28 18:34:21', '2017-01-28 18:34:21'),
	(357, 'login: admin pass: 901018', '', '2017-01-28 18:34:46', '2017-01-28 18:34:46'),
	(358, 'autorized login: admin pass: 901018', '', '2017-01-28 18:34:46', '2017-01-28 18:34:46'),
	(359, 'mobile user: admin;  connect succesful', '', '2017-01-28 18:34:46', '2017-01-28 18:34:46'),
	(360, 'login: admin pass: 901018', '', '2017-01-28 18:39:51', '2017-01-28 18:39:51'),
	(361, 'autorized login: admin pass: 901018', '', '2017-01-28 18:39:51', '2017-01-28 18:39:51'),
	(362, 'mobile user: admin;  connect succesful', '', '2017-01-28 18:39:51', '2017-01-28 18:39:51'),
	(363, 'login: admin pass: 901018', '', '2017-01-28 18:41:16', '2017-01-28 18:41:16'),
	(364, 'autorized login: admin pass: 901018', '', '2017-01-28 18:41:16', '2017-01-28 18:41:16'),
	(365, 'mobile user: admin;  connect succesful', '', '2017-01-28 18:41:16', '2017-01-28 18:41:16'),
	(366, 'login: admin pass: 901018', '', '2017-01-28 18:43:48', '2017-01-28 18:43:48'),
	(367, 'autorized login: admin pass: 901018', '', '2017-01-28 18:43:48', '2017-01-28 18:43:48'),
	(368, 'mobile user: admin;  connect succesful', '', '2017-01-28 18:43:48', '2017-01-28 18:43:48'),
	(369, 'login: admin pass: 901018', '', '2017-01-28 18:45:35', '2017-01-28 18:45:35'),
	(370, 'autorized login: admin pass: 901018', '', '2017-01-28 18:45:35', '2017-01-28 18:45:35'),
	(371, 'mobile user: admin;  connect succesful', '', '2017-01-28 18:45:35', '2017-01-28 18:45:35'),
	(372, 'autorized login: admin pass: 901018', '', '2017-01-28 22:28:39', '2017-01-28 22:28:39'),
	(373, 'autorized login: admin pass: 901018', '', '2017-01-28 22:31:32', '2017-01-28 22:31:32'),
	(374, 'autorized login: admin pass: 901018', '', '2017-01-28 22:33:03', '2017-01-28 22:33:03'),
	(375, 'autorized login: admin pass: 901018', '', '2017-01-29 00:07:54', '2017-01-29 00:07:54'),
	(376, 'login: admin pass: 901018', '', '2017-01-29 00:08:46', '2017-01-29 00:08:46'),
	(377, 'autorized login: admin pass: 901018', '', '2017-01-29 00:08:46', '2017-01-29 00:08:46'),
	(378, 'mobile user: admin;  connect succesful', '', '2017-01-29 00:08:46', '2017-01-29 00:08:46'),
	(379, 'login: admin pass: 901018', '', '2017-01-29 00:08:53', '2017-01-29 00:08:53'),
	(380, 'autorized login: admin pass: 901018', '', '2017-01-29 00:08:53', '2017-01-29 00:08:53'),
	(381, 'mobile user: admin;  connect succesful', '', '2017-01-29 00:08:53', '2017-01-29 00:08:53'),
	(382, 'login: admin pass: 901018%D0%B2', '', '2017-01-29 00:08:57', '2017-01-29 00:08:57'),
	(383, 'mobile user: admin;  connect failed', '', '2017-01-29 00:08:57', '2017-01-29 00:08:57'),
	(384, 'login: admin pass: 901018', '', '2017-01-29 00:09:01', '2017-01-29 00:09:01'),
	(385, 'autorized login: admin pass: 901018', '', '2017-01-29 00:09:01', '2017-01-29 00:09:01'),
	(386, 'mobile user: admin;  connect succesful', '', '2017-01-29 00:09:01', '2017-01-29 00:09:01'),
	(387, 'autorized login: admin pass: 901018', '', '2017-01-29 00:09:12', '2017-01-29 00:09:12'),
	(388, 'login: admin pass: 901018', '', '2017-01-29 00:10:35', '2017-01-29 00:10:35'),
	(389, 'autorized login: admin pass: 901018', '', '2017-01-29 00:10:35', '2017-01-29 00:10:35'),
	(390, 'mobile user: admin;  connect succesful', '', '2017-01-29 00:10:35', '2017-01-29 00:10:35'),
	(391, 'login: admin pass: 901018', '', '2017-01-29 00:11:02', '2017-01-29 00:11:02'),
	(392, 'autorized login: admin pass: 901018', '', '2017-01-29 00:11:02', '2017-01-29 00:11:02'),
	(393, 'mobile user: admin;  connect succesful', '', '2017-01-29 00:11:02', '2017-01-29 00:11:02'),
	(394, 'login: admin pass: 901018', '', '2017-01-29 15:39:16', '2017-01-29 15:39:16'),
	(395, 'autorized login: admin pass: 901018', '', '2017-01-29 15:39:16', '2017-01-29 15:39:16'),
	(396, 'mobile user: admin;  connect succesful', '', '2017-01-29 15:39:16', '2017-01-29 15:39:16'),
	(397, 'login: admin pass: 901018', '', '2017-01-29 15:46:06', '2017-01-29 15:46:06'),
	(398, 'autorized login: admin pass: 901018', '', '2017-01-29 15:46:06', '2017-01-29 15:46:06'),
	(399, 'mobile user: admin;  connect succesful', '', '2017-01-29 15:46:06', '2017-01-29 15:46:06'),
	(400, 'login: admin pass: 901018', '', '2017-01-29 15:49:23', '2017-01-29 15:49:23'),
	(401, 'autorized login: admin pass: 901018', '', '2017-01-29 15:49:23', '2017-01-29 15:49:23'),
	(402, 'mobile user: admin;  connect succesful', '', '2017-01-29 15:49:23', '2017-01-29 15:49:23'),
	(403, 'login: admin pass: 901018', '', '2017-01-29 15:54:08', '2017-01-29 15:54:08'),
	(404, 'autorized login: admin pass: 901018', '', '2017-01-29 15:54:08', '2017-01-29 15:54:08'),
	(405, 'mobile user: admin;  connect succesful', '', '2017-01-29 15:54:08', '2017-01-29 15:54:08'),
	(406, 'login: admin pass: 901018', '', '2017-01-29 15:57:31', '2017-01-29 15:57:31'),
	(407, 'autorized login: admin pass: 901018', '', '2017-01-29 15:57:31', '2017-01-29 15:57:31'),
	(408, 'mobile user: admin;  connect succesful', '', '2017-01-29 15:57:31', '2017-01-29 15:57:31'),
	(409, 'login: admin pass: 901018', '', '2017-01-29 15:57:53', '2017-01-29 15:57:53'),
	(410, 'autorized login: admin pass: 901018', '', '2017-01-29 15:57:53', '2017-01-29 15:57:53'),
	(411, 'mobile user: admin;  connect succesful', '', '2017-01-29 15:57:53', '2017-01-29 15:57:53'),
	(412, 'login: admin pass: 901018', '', '2017-01-29 15:59:55', '2017-01-29 15:59:55'),
	(413, 'autorized login: admin pass: 901018', '', '2017-01-29 15:59:55', '2017-01-29 15:59:55'),
	(414, 'mobile user: admin;  connect succesful', '', '2017-01-29 15:59:55', '2017-01-29 15:59:55'),
	(415, 'login: admin pass: 901018', '', '2017-01-29 16:20:41', '2017-01-29 16:20:41'),
	(416, 'autorized login: admin pass: 901018', '', '2017-01-29 16:20:41', '2017-01-29 16:20:41'),
	(417, 'mobile user: admin;  connect succesful', '', '2017-01-29 16:20:41', '2017-01-29 16:20:41'),
	(418, 'login: admin pass: 901018g', '', '2017-01-29 23:35:36', '2017-01-29 23:35:36'),
	(419, 'mobile user: admin;  connect failed', '', '2017-01-29 23:35:36', '2017-01-29 23:35:36'),
	(420, 'login: admin pass: 901018', '', '2017-01-29 23:35:41', '2017-01-29 23:35:41'),
	(421, 'autorized login: admin pass: 901018', '', '2017-01-29 23:35:41', '2017-01-29 23:35:41'),
	(422, 'mobile user: admin;  connect succesful', '', '2017-01-29 23:35:41', '2017-01-29 23:35:41'),
	(423, 'login: admin pass: 901018', '', '2017-01-30 23:47:08', '2017-01-30 23:47:08'),
	(424, 'autorized login: admin pass: 901018', '', '2017-01-30 23:47:08', '2017-01-30 23:47:08'),
	(425, 'mobile user: admin;  connect succesful', '', '2017-01-30 23:47:08', '2017-01-30 23:47:08'),
	(426, 'login: admin pass: 901018', '', '2017-02-02 18:18:28', '2017-02-02 18:18:28'),
	(427, 'autorized login: admin pass: 901018', '', '2017-02-02 18:18:28', '2017-02-02 18:18:28'),
	(428, 'mobile user: admin;  connect succesful', '', '2017-02-02 18:18:28', '2017-02-02 18:18:28'),
	(429, 'login: admin pass: 901018', '', '2017-02-02 20:27:40', '2017-02-02 20:27:40'),
	(430, 'autorized login: admin pass: 901018', '', '2017-02-02 20:27:40', '2017-02-02 20:27:40'),
	(431, 'mobile user: admin;  connect succesful', '', '2017-02-02 20:27:40', '2017-02-02 20:27:40'),
	(432, 'autorized login: admin pass: 901018', '', '2017-02-04 05:45:00', '2017-02-04 05:45:00'),
	(433, 'login: admin pass: 901018', '', '2017-02-04 21:28:17', '2017-02-04 21:28:17'),
	(434, 'autorized login: admin pass: 901018', '', '2017-02-04 21:28:18', '2017-02-04 21:28:18'),
	(435, 'mobile user: admin;  connect succesful', '', '2017-02-04 21:28:18', '2017-02-04 21:28:18'),
	(436, 'login: admin pass: 901018', '', '2017-02-04 21:49:07', '2017-02-04 21:49:07'),
	(437, 'autorized login: admin pass: 901018', '', '2017-02-04 21:49:07', '2017-02-04 21:49:07'),
	(438, 'mobile user: admin;  connect succesful', '', '2017-02-04 21:49:07', '2017-02-04 21:49:07'),
	(439, 'login: admin pass: 901018', '', '2017-02-07 01:50:14', '2017-02-07 01:50:14'),
	(440, 'autorized login: admin pass: 901018', '', '2017-02-07 01:50:14', '2017-02-07 01:50:14'),
	(441, 'mobile user: admin;  connect succesful', '', '2017-02-07 01:50:14', '2017-02-07 01:50:14'),
	(442, 'login: admin pass: 901018', '', '2017-02-08 02:57:14', '2017-02-08 02:57:14'),
	(443, 'autorized login: admin pass: 901018', '', '2017-02-08 02:57:14', '2017-02-08 02:57:14'),
	(444, 'mobile user: admin;  connect succesful', '', '2017-02-08 02:57:14', '2017-02-08 02:57:14'),
	(445, 'login: admin pass: 901018', '', '2017-02-09 22:11:40', '2017-02-09 22:11:40'),
	(446, 'autorized login: admin pass: 901018', '', '2017-02-09 22:11:40', '2017-02-09 22:11:40'),
	(447, 'mobile user: admin;  connect succesful', '', '2017-02-09 22:11:40', '2017-02-09 22:11:40'),
	(448, 'login: admin pass: 901018', '', '2017-02-09 23:33:30', '2017-02-09 23:33:30'),
	(449, 'autorized login: admin pass: 901018', '', '2017-02-09 23:33:30', '2017-02-09 23:33:30'),
	(450, 'mobile user: admin;  connect succesful', '', '2017-02-09 23:33:30', '2017-02-09 23:33:30'),
	(451, 'login: admin pass: 901018', '', '2017-02-11 22:47:58', '2017-02-11 22:47:58'),
	(452, 'autorized login: admin pass: 901018', '', '2017-02-11 22:47:58', '2017-02-11 22:47:58'),
	(453, 'mobile user: admin;  connect succesful', '', '2017-02-11 22:47:58', '2017-02-11 22:47:58'),
	(454, 'login: admin pass: 901018', '', '2017-02-27 13:55:46', '2017-02-27 13:55:46'),
	(455, 'autorized login: admin pass: 901018', '', '2017-02-27 13:55:47', '2017-02-27 13:55:47'),
	(456, 'mobile user: admin;  connect succesful', '', '2017-02-27 13:55:47', '2017-02-27 13:55:47'),
	(457, 'login: admin pass: 901018', '', '2017-03-02 16:03:27', '2017-03-02 16:03:27'),
	(458, 'autorized login: admin pass: 901018', '', '2017-03-02 16:03:27', '2017-03-02 16:03:27'),
	(459, 'mobile user: admin;  connect succesful', '', '2017-03-02 16:03:27', '2017-03-02 16:03:27'),
	(460, 'login: admin pass: 901018', '', '2017-03-14 03:29:06', '2017-03-14 03:29:06'),
	(461, 'autorized login: admin pass: 901018', '', '2017-03-14 03:29:07', '2017-03-14 03:29:07'),
	(462, 'mobile user: admin;  connect succesful', '', '2017-03-14 03:29:07', '2017-03-14 03:29:07'),
	(463, 'login: admin pass: 901018', '', '2017-03-14 03:29:45', '2017-03-14 03:29:45'),
	(464, 'autorized login: admin pass: 901018', '', '2017-03-14 03:29:45', '2017-03-14 03:29:45'),
	(465, 'mobile user: admin;  connect succesful', '', '2017-03-14 03:29:45', '2017-03-14 03:29:45'),
	(466, 'autorized login: admin pass: 901018', '', '2017-03-14 03:30:22', '2017-03-14 03:30:22'),
	(467, 'autorized login: admin pass: 901018', '', '2017-03-22 14:39:41', '2017-03-22 14:39:41'),
	(468, 'login: admin pass: 901018', '', '2017-04-07 17:45:33', '2017-04-07 17:45:33'),
	(469, 'autorized login: admin pass: 901018', '', '2017-04-07 17:45:33', '2017-04-07 17:45:33'),
	(470, 'mobile user: admin;  connect succesful', '', '2017-04-07 17:45:33', '2017-04-07 17:45:33'),
	(471, 'login: admin pass: 901018', '', '2017-04-07 18:05:14', '2017-04-07 18:05:14'),
	(472, 'autorized login: admin pass: 901018', '', '2017-04-07 18:05:14', '2017-04-07 18:05:14'),
	(473, 'mobile user: admin;  connect succesful', '', '2017-04-07 18:05:14', '2017-04-07 18:05:14');
/*!40000 ALTER TABLE `log` ENABLE KEYS */;

-- Дамп структуры для таблица scandinaver.messages
CREATE TABLE IF NOT EXISTS `messages` (
  `id` int(11) NOT NULL AUTO_INCREMENT,
  `name` varchar(255) DEFAULT '0',
  `contact` varchar(255) DEFAULT '0',
  `message` varchar(255) DEFAULT '0',
  `readed` int(1) DEFAULT '0',
  `created_at` timestamp NULL DEFAULT NULL,
  `updated_at` timestamp NULL DEFAULT NULL,
  `deleted_at` timestamp NULL DEFAULT NULL,
  PRIMARY KEY (`id`)
) ENGINE=InnoDB AUTO_INCREMENT=7 DEFAULT CHARSET=utf8;

-- Дамп данных таблицы scandinaver.messages: ~6 rows (приблизительно)
/*!40000 ALTER TABLE `messages` DISABLE KEYS */;
INSERT INTO `messages` (`id`, `name`, `contact`, `message`, `readed`, `created_at`, `updated_at`, `deleted_at`) VALUES
	(1, 'test', 'testcontact', 'It is a long established fact that a reader will be distracted by the readable content of a page when looking at its layout. The point of using Lorem Ipsum is that it has a more-or-less normal distribution of letters, as opposed to using \'Content here, co', 1, NULL, NULL, NULL),
	(2, 'errertert', 'ertertert', 'It is a long established fact that a reader will be distracted by the readable content of a page when looking at its layout. The point of using Lorem Ipsum is that it has a more-or-less normal distribution of letters, as opposed to using \'Content here, co', 1, NULL, NULL, NULL),
	(3, 'представился', '', 'нопесал', 1, NULL, NULL, NULL),
	(4, 'ggf', '0', 'dfdfgdgf', 1, '2016-12-15 12:45:05', '2016-12-15 12:46:13', NULL),
	(5, 'awdawdqawd', '0', 'awdawdawdawdawda awda', 1, '2016-12-15 12:46:48', '2016-12-15 12:47:26', NULL),
	(6, 'awdawdqawd', '0', 'awdawdawdawdawda awda', 0, '2016-12-15 12:50:10', '2016-12-15 12:50:10', NULL);
/*!40000 ALTER TABLE `messages` ENABLE KEYS */;

-- Дамп структуры для таблица scandinaver.meta
CREATE TABLE IF NOT EXISTS `meta` (
  `id` int(11) NOT NULL AUTO_INCREMENT,
  `url` varchar(255) NOT NULL,
  `title` varchar(255) NOT NULL,
  `description` varchar(255) NOT NULL,
  `keywords` varchar(255) NOT NULL,
  `created_at` timestamp NULL DEFAULT NULL,
  `updated_at` timestamp NULL DEFAULT NULL,
  PRIMARY KEY (`id`),
  KEY `url` (`url`)
) ENGINE=InnoDB AUTO_INCREMENT=65 DEFAULT CHARSET=utf8;

-- Дамп данных таблицы scandinaver.meta: ~25 rows (приблизительно)
/*!40000 ALTER TABLE `meta` DISABLE KEYS */;
INSERT INTO `meta` (`id`, `url`, `title`, `description`, `keywords`, `created_at`, `updated_at`) VALUES
	(10, '/blog/10', 'Как называется эта штука сверху?', 'ipsum dolor sit amet, consectetur adipiscing elit, sed do eiusmod tempor incididunt ut labore et dolore magna aliqua. Ut enim ad minim veniam, quis nostrud exercitation ullamco laboris nisi ut aliquip ex ea commodo consequat. Duis aute irure dolor i', 'The standard Lorem Ipsum passage,', NULL, '2016-12-15 12:16:33'),
	(11, '/blog/13', 'What isrthывсысв', 'But I must explain t', '1914 tr', NULL, '2016-09-04 17:25:47'),
	(12, '/forum', 'Форум', '', '', NULL, NULL),
	(23, '/forum/1/29', 'новая исландская тема-хуема', 'новая исландская тема', '', '2016-08-28 02:01:28', '2016-12-15 12:30:23'),
	(24, '/forum/1', 'Исландия', 'хуиландия', '', '2016-09-03 01:04:41', '2016-12-15 12:29:49'),
	(27, '/forum/16', 'testtesttest', 'testtest', 'testtesttesttest', '2016-09-03 01:48:59', '2016-09-03 01:48:59'),
	(30, '/blog/15', 'test', 'test', 'test', '2016-09-04 17:26:55', '2016-09-04 17:26:55'),
	(44, '/blog', 'Статьи', 'разные полезные штуки', 'статьи, блог', '2016-09-04 20:17:48', '2016-09-04 20:17:48'),
	(45, '/', 'Scandinaver', '', '', '2016-09-04 20:19:15', '2016-09-04 20:19:15'),
	(48, '/forum/19', '', '', '', '2016-12-15 12:01:08', '2016-12-15 12:01:08'),
	(49, '/blog/28', '', '', '', '2016-12-15 12:19:42', '2016-12-15 12:19:42'),
	(50, '/blog/29', '', '', '', '2016-12-15 12:20:14', '2016-12-15 12:20:40'),
	(52, '/forum/1/30', 'ууууу', 'ууууу', '', '2016-12-15 12:33:04', '2016-12-15 12:33:04'),
	(53, '/blog/30', '', '', '', '2017-03-22 15:30:58', '2017-03-22 15:30:58'),
	(54, '/forum/1/31', 'ffff', 'ffff', '', '2017-03-22 15:32:59', '2017-03-22 15:32:59'),
	(55, '/forum/1/32', '1', '1', '', '2017-03-28 15:36:23', '2017-03-28 15:36:23'),
	(56, '/forum/1/33', '12', '12', '', '2017-03-28 15:39:14', '2017-03-28 15:39:14'),
	(57, '/forum/1/34', 'цццц', 'цццц', '', '2017-03-28 15:57:02', '2017-03-28 15:57:02'),
	(58, '/forum/1/35', 'а', 'а', '', '2017-03-28 16:13:16', '2017-03-28 16:13:16'),
	(59, '/forum/3/38', '1', '1', '', '2017-03-28 19:25:44', '2017-03-28 19:25:44'),
	(60, '/forum/6/39', '2', '2', '', '2017-03-28 19:26:01', '2017-03-28 19:26:01'),
	(61, '/forum/8/40', '2', '2', '', '2017-03-28 19:26:23', '2017-03-28 19:26:23'),
	(62, '/forum/9/41', 'й', 'й', '', '2017-03-28 19:26:36', '2017-03-28 19:26:36'),
	(63, '/forum/1/42', 'dddd', 'dddd', '', '2017-03-29 13:42:22', '2017-03-29 13:42:22'),
	(64, '/forum/1/43', 'wwwwwwwwwwwww', 'wwwwwwwwwwwww', '', '2017-03-29 14:43:37', '2017-03-29 14:43:37');
/*!40000 ALTER TABLE `meta` ENABLE KEYS */;

-- Дамп структуры для таблица scandinaver.posts
CREATE TABLE IF NOT EXISTS `posts` (
  `id` bigint(20) unsigned NOT NULL AUTO_INCREMENT,
  `post_name` varchar(200) CHARACTER SET utf8 NOT NULL DEFAULT '',
  `post_author` bigint(20) unsigned NOT NULL DEFAULT '0',
  `post_date` timestamp NOT NULL DEFAULT CURRENT_TIMESTAMP,
  `post_content` longtext CHARACTER SET utf8 NOT NULL,
  `category_id` int(11) NOT NULL,
  `post_anonse` text CHARACTER SET utf8 NOT NULL,
  `post_status` varchar(20) CHARACTER SET utf8 NOT NULL,
  `comment_status` varchar(20) CHARACTER SET utf8 NOT NULL DEFAULT 'open',
  `views` bigint(20) NOT NULL DEFAULT '0',
  `updated_at` timestamp NULL DEFAULT NULL,
  `created_at` timestamp NULL DEFAULT NULL,
  `deleted_at` timestamp NULL DEFAULT NULL,
  PRIMARY KEY (`id`),
  KEY `post_author` (`post_author`),
  KEY `post_name` (`post_name`(191)),
  KEY `id` (`id`)
) ENGINE=InnoDB AUTO_INCREMENT=31 DEFAULT CHARSET=utf8mb4 COLLATE=utf8mb4_unicode_ci;

-- Дамп данных таблицы scandinaver.posts: ~11 rows (приблизительно)
/*!40000 ALTER TABLE `posts` DISABLE KEYS */;
INSERT INTO `posts` (`id`, `post_name`, `post_author`, `post_date`, `post_content`, `category_id`, `post_anonse`, `post_status`, `comment_status`, `views`, `updated_at`, `created_at`, `deleted_at`) VALUES
	(10, 'Как называется эта штука сверху?', 1, '2016-05-12 03:05:07', '<p><img alt="" src="/uploads/forum/58525f579fbdc.jpg" style="height:158px; width:211px" />Текст</p>\r\n\r\n<h3>The standard Lorem Ipsum passage, used since the 1500s</h3>\r\n\r\n<p><img alt="" src="/uploads/forum/57349fabeb425.jpg" style="float:left; height:250px; margin-left:10px; margin-right:10px; width:355px" />&quot;Lorem ipsum dolor sit amet, consectetur adipiscing elit, sed do eiusmod tempor incididunt ut labore et dolore magna aliqua. Ut enim ad minim veniam, quis nostrud exercitation ullamco laboris nisi ut aliquip ex ea commodo consequat. Duis aute irure dolor in reprehenderit in voluptate velit esse cillum dolore eu fugiat nulla pariatur. Excepteur sint occaecat cupidatat non proident, sunt in culpa qui officia deserunt mollit anim id est laborum.&quot;</p>\r\n\r\n<h3>Section 1.10.32 of &quot;de Finibus Bonorum et Malorum&quot;, written by Cicero in 45 BC</h3>\r\n\r\n<p>&quot;Sed ut perspiciatis unde omnis iste natus error sit voluptatem accusantium doloremque laudantium, totam rem aperiam, eaque ipsa quae ab illo inventore veritatis et quasi architecto beatae vitae dicta sunt explicabo. Nemo enim ipsam voluptatem quia voluptas sit aspernatur aut odit aut fugit, sed quia consequuntur magni dolores eos qui ratione voluptatem sequi nesciunt. Neque porro quisquam est, qui dolorem ipsum quia dolor sit amet, consectetur, adipisci velit, sed quia non numquam eius modi tempora incidunt ut labore et dolore magnam aliquam quaerat voluptatem. Ut enim ad minima veniam, quis nostrum exercitationem ullam corporis suscipit laboriosam, nisi ut aliquid ex ea commodi consequatur? Quis autem vel eum iure reprehenderit qui in ea voluptate velit esse quam nihil molestiae consequatur, vel illum qui dolorem eum fugiat quo voluptas nulla pariatur?&quot;</p>\r\n\r\n<h3>1914 translation by H. Rackham</h3>\r\n\r\n<p>&quot;But I must explain to you how all this mistaken idea of denouncing pleasure and praising pain was born and I will give you a complete account of the system, and expound the actual teachings of the great explorer of the truth, the master-builder of human happiness. No one rejects, dislikes, or avoids pleasure itself, because it is pleasure, but because those who do not know how to pursue pleasure rationally encounter consequences that are extremely painful. Nor again is there anyone who loves or pursues or desires to obtain pain of itself, because it is pain, but because occasionally circumstances occur in which toil and pain can procure him some great pleasure. To take a trivial example, which of us ever undertakes laborious physical exercise, except to obtain some advantage from it? But who has any right to find fault with a man who chooses to enjoy a pleasure that has no annoying consequences, or one who avoids a pain that produces no resultant pleasure?&quot;</p>\r\n\r\n<h3>Section 1.10.33 of &quot;de Finibus Bonorum et Malorum&quot;, written by Cicero in 45 BC</h3>\r\n\r\n<p><img alt="" src="/uploads/forum/57349fe873c8b.jpg" style="float:left; height:164px; margin-left:10px; margin-right:10px; width:184px" />&quot;At vero eos et accusamus et iusto odio dignissimos ducimus qui blanditiis praesentium voluptatum deleniti atque corrupti quos dolores et quas molestias excepturi sint occaecati cupiditate non provident, similique sunt in culpa qui officia deserunt mollitia animi, id est laborum et dolorum fuga. Et harum quidem rerum facilis est et expedita distinctio. Nam libero tempore, cum soluta nobis est eligendi optio cumque nihil impedit quo minus id quod maxime placeat facere possimus, omnis voluptas assumenda est, omnis dolor repellendus. Temporibus autem quibusdam et aut officiis debitis aut rerum necessitatibus saepe eveniet ut et voluptates repudiandae sint et molestiae non recusandae. Itaque earum rerum hic tenetur a sapiente delectus, ut aut reiciendis voluptatibus maiores alias consequatur aut perferendis doloribus asperiores repellat.&quot;</p>\r\n\r\n<p>Temporibus autem quibusdam et aut officiis debitis aut rerum necessitatibus saepe eveniet ut et voluptates repudiandae sint et molestiae non recusandae. Itaque earum rerum hic tenetur a sapiente delectus, ut aut reiciendis voluptatibus maiores alias consequatur aut perferendis doloribus asperiores repellat.&quot;</p>', 16, '"Lorem ipsum dolor sit amet, consectetur adipiscing elit, sed do eiusmod tempor incididunt ut labore et dolore magna aliqua. Ut enim ad minim veniam, quis nostrud exercitation ullamco laboris nisi ut aliquip ex ea commodo consequat. Duis aute irure dolor in reprehenderit in voluptate velit esse cillum dolore eu fugiat nulla pariatur.', 'open', 'closed', 74, '2017-04-04 13:30:22', '2016-09-04 20:06:27', NULL),
	(13, 'What is Lorem Ipsum?', 1, '2016-05-15 19:02:17', '<h3>1914ss translation by H. Rackham</h3>\r\n\r\n<p>&quot;But I must explain to you how all this mistaken idea of denouncing pleasure and praising pain was born and I will give you a complete account of the system, and expound the actual teachings of the great explorer of the truth, the master-builder of human happiness. No one rejects, dislikes, or avoids pleasure itself, because it is pleasure, but because those who do not know how to pursue pleasure rationally encounter consequences that are extremely painful. Nor again is there anyone who loves or pursues or desires to obtain pain of itself, because it is pain, but because occasionally circumstances occur in which toil and pain can procure him some great pleasure. To take a trivial example, which of us ever undertakes laborious physical exercise, except to obtain some advantage from it? But who has any right to find fault with a man who chooses to enjoy a pleasure that has no annoying consequences, or one who avoids a pain that produces no resultant pleasure?&quot;</p>\r\n\r\n<h3>Section 1.10.33 of &quot;de Finibus Bonorum et Malorum&quot;, written by Cicero in 45 BC</h3>\r\n\r\n<p>&quot;At vero eos et accusamus et iusto odio dignissimos ducimus qui blanditiis praesentium voluptatum deleniti atque corrupti quos dolores et quas molestias excepturi sint occaecati cupiditate non provident, similique sunt in culpa qui officia deserunt mollitia animi, id est laborum et dolorum fuga. Et harum quidem rerum facilis est et expedita distinctio. Nam libero tempore, cum soluta nobis est eligendi optio cumque nihil impedit quo minus id quod maxime placeat facere possimus, omnis voluptas assumenda est, omnis dolor repellendus. Temporibus autem quibusdam et aut officiis debitis aut rerum necessitatibus saepe eveniet ut et voluptates repudiandae sint et molestiae non recusandae. Itaque earum rerum hic tenetur a sapiente delectus, ut aut reiciendis voluptatibus maiores alias consequatur aut perferendis doloribus asperiores repellat.&quot;</p>\r\n\r\n<h3>1914 translation by H. Rackham</h3>\r\n\r\n<p>&quot;On the other hand, we denounce with righteous indignation and dislike men who are so beguiled and demoralized by the charms of pleasure of the moment, so blinded by desire, that they cannot foresee the pain and trouble that are bound to ensue; and equal blame belongs to those who fail in their duty through weakness of will, which is the same as saying through shrinking from toil and pain. These cases are perfectly simple and easy to distinguish. In a free hour, when our power of choice is untrammelled and when nothing prevents our being able to do what we like best, every pleasure is to be welcomed and every pain avoided. But in certain circumstances and owing to the claims of duty or the obligations of business it will frequently occur that pleasures have to be repudiated and annoyances accepted. The wise man therefore always holds in these matters to this principle of selection: he rejects pleasures to secure other greater pleasures, or else he endures pains to avoid worse pains.&quot;</p>', 13, 'But I must explain to you how all this mistaken idea of denouncing pleasure and praising pain was born and I will give you a complete account of the system, and expound the actual teachings of the great explorer of the truth, the master-builder of human happiness.', 'open', 'open', 91, '2016-12-15 12:18:43', NULL, NULL),
	(22, 'asc', 1, '2016-09-04 19:56:23', '<p>Текстasc</p>\r\n', 12, 'asc', 'open', 'open', 10, '2016-09-04 18:32:58', '2016-09-04 17:56:23', '2016-09-04 18:32:58'),
	(23, '111', 1, '2016-09-04 20:05:03', '<p>Текст1111</p>\r\n', 12, '111', 'open', 'open', 3, '2016-09-04 18:31:49', '2016-09-04 18:05:03', '2016-09-04 18:31:49'),
	(24, '123', 1, '2016-09-04 20:35:11', '<p>Текст123</p>\r\n', 12, '123', 'open', 'open', 3, '2016-09-04 18:36:00', '2016-09-04 18:35:11', '2016-09-04 18:36:00'),
	(25, '222', 1, '2016-09-04 20:35:20', '<p>Текст222</p>\r\n', 12, '222', 'open', 'open', 3, '2016-09-04 18:36:09', '2016-09-04 18:35:20', '2016-09-04 18:36:09'),
	(26, '123', 1, '2016-09-04 20:36:20', '<p>Текст123</p>\r\n', 12, '123', 'open', 'open', 0, '2016-09-04 18:36:27', '2016-09-04 18:36:20', '2016-09-04 18:36:27'),
	(27, 'укук', 1, '2016-09-04 20:37:08', '<p>Текст</p>\r\n', 12, 'укук', 'open', 'open', 0, '2016-09-04 18:37:20', '2016-09-04 18:37:08', '2016-09-04 18:37:20'),
	(28, 'qqqq', 1, '2016-12-15 14:19:42', '<p>eeeee</p>\r\n', 12, 'wwww', 'open', 'open', 3, '2017-03-22 15:29:08', '2016-12-15 12:19:42', NULL),
	(29, 'dvsdv', 1, '2016-12-15 14:20:14', '<p>Текстvsdvsdv</p>', 12, 'sd', 'open', 'open', 0, '2016-12-15 12:20:40', '2016-12-15 12:20:14', NULL),
	(30, 'g', 1, '2017-03-22 17:30:58', '<p>Текст</p>\r\n', 12, '', 'open', 'open', 2, '2017-03-22 15:32:41', '2017-03-22 15:30:58', NULL);
/*!40000 ALTER TABLE `posts` ENABLE KEYS */;

-- Дамп структуры для таблица scandinaver.sessions
CREATE TABLE IF NOT EXISTS `sessions` (
  `id` int(11) NOT NULL AUTO_INCREMENT,
  `user_id` int(11) DEFAULT NULL,
  `token` varchar(45) DEFAULT NULL,
  `created_at` timestamp NULL DEFAULT NULL,
  `updated_at` timestamp NULL DEFAULT NULL,
  PRIMARY KEY (`id`),
  KEY `token_UNIQUE` (`token`)
) ENGINE=MyISAM AUTO_INCREMENT=409 DEFAULT CHARSET=utf8;

-- Дамп данных таблицы scandinaver.sessions: 235 rows
/*!40000 ALTER TABLE `sessions` DISABLE KEYS */;
INSERT INTO `sessions` (`id`, `user_id`, `token`, `created_at`, `updated_at`) VALUES
	(174, 1, '42abac525563349bc06611e3d84ae1b9', '2016-08-27 22:40:11', '2016-08-27 22:40:11'),
	(175, 1, '57352bc16d4b320c9e7d6e0b488d3c64', '2016-08-27 22:41:42', '2016-08-27 22:41:42'),
	(176, 1, 'd739117bb6549d81d994f56b4b3921b2', '2016-08-27 22:45:04', '2016-08-27 22:45:04'),
	(177, 1, '482a74a18e373e3b9f54d18fed2ef47e', '2016-08-27 22:45:53', '2016-08-27 22:45:53'),
	(178, 1, '82b2afc3c87928282501cf0316b958c6', '2016-08-27 22:51:43', '2016-08-27 22:51:43'),
	(179, 1, 'fd22b259107ffab890a0effa7ed39ea5', '2016-08-27 22:52:07', '2016-08-27 22:52:07'),
	(180, 1, 'e3e5654632c579edc396e4e174b55dbf', '2016-08-27 22:53:52', '2016-08-27 22:53:52'),
	(181, 1, '67422fe0d6d48d36098734fdfcb8154a', '2016-08-27 22:55:36', '2016-08-27 22:55:36'),
	(182, 1, 'f7765128ba08bdd69248e8e71932e328', '2016-08-27 22:56:57', '2016-08-27 22:56:57'),
	(183, 1, 'ea4ed6fcc28d9922baf3dda741b6e7ed', '2016-08-28 00:10:22', '2016-08-28 00:10:22'),
	(184, 1, '57bc5bc75bf5a4836836c47e3933fc71', '2016-08-28 02:54:40', '2016-08-28 02:54:40'),
	(185, 1, 'e4e463f9d153c993fa88957709071dd0', '2016-08-28 02:54:57', '2016-08-28 02:54:57'),
	(186, 1, 'bc6ee20cf710f4084909d086885eeb4c', '2016-09-04 13:46:26', '2016-09-04 13:46:26'),
	(187, 1, 'bd657c74fa333ea32fc251f86dc1645e', '2016-09-04 13:46:28', '2016-09-04 13:46:28'),
	(188, 55, '2a839fe1227f2f00da8dc3e402ed9e04', '2016-09-04 23:48:51', '2016-09-04 23:48:51'),
	(189, 56, 'e55262ef3cd6c01880a7249d2ee1f73f', '2016-09-04 23:51:19', '2016-09-04 23:51:19'),
	(190, 57, '51045fe2c152e6b4f4f79cdd8df67e25', '2016-09-04 23:58:13', '2016-09-04 23:58:13'),
	(191, 58, 'aebe93a1fd0a7223beab66882a9845f6', '2016-09-04 23:59:53', '2016-09-04 23:59:53'),
	(192, 59, 'a0bf2e3c01a399cc812bb37e1723abb3', '2016-09-05 00:01:54', '2016-09-05 00:01:54'),
	(193, 60, 'c1dcb0868f87c65e06aaad64f922bb8f', '2016-09-05 00:04:16', '2016-09-05 00:04:16'),
	(194, 61, 'ba1b25ed0182824dfbe23fda326967e8', '2016-09-05 00:07:05', '2016-09-05 00:07:05'),
	(195, 62, '0da10413acda11aaa37263d166f3e08e', '2016-09-05 00:08:47', '2016-09-05 00:08:47'),
	(196, 63, '09b68aa1f1ed7ece6c89a87ef3863fcb', '2016-09-05 00:11:34', '2016-09-05 00:11:34'),
	(197, 63, '031352dc4a7bddc4089817db8cbf5121', '2016-09-05 00:13:45', '2016-09-05 00:13:45'),
	(198, 1, 'bd5c295f6a8ec67f313a2b4abe3abbc5', '2016-09-05 00:15:22', '2016-09-05 00:15:22'),
	(199, 63, '9f4ffdfb65de27944f5d21ac1f2b06fc', '2016-09-05 00:16:22', '2016-09-05 00:16:22'),
	(200, 64, 'a9442a75388d85e8b7c0fc3f42e04211', '2016-09-05 00:16:42', '2016-09-05 00:16:42'),
	(201, 1, '8dda924723e6a7395a5a5ced54ad9b97', '2016-09-05 00:20:03', '2016-09-05 00:20:03'),
	(202, 65, 'b27c7f5421d84f44a7aeec03cf03468b', '2016-09-05 00:20:24', '2016-09-05 00:20:24'),
	(203, 1, 'a7a196751e2a5564ee6b8dfffc609614', '2016-09-05 04:04:43', '2016-09-05 04:04:43'),
	(204, 1, 'c67306332d90f50a2daa498a9a876db7', '2016-09-12 11:22:08', '2016-09-12 11:22:08'),
	(205, 1, '953e8049f2ce13bd03448e59da73c542', '2016-10-19 23:46:15', '2016-10-19 23:46:15'),
	(206, 1, '953e8049f2ce13bd03448e59da73c542', '2016-10-19 23:46:17', '2016-10-19 23:46:17'),
	(207, 1, 'ecf65102c533ca470e76e99822ef362c', '2016-10-22 11:53:26', '2016-10-22 11:53:26'),
	(208, 1, 'f3d1ad9bc1d923f8bdd3cf1322eaca2b', '2016-10-22 11:53:28', '2016-10-22 11:53:28'),
	(209, 1, 'df9779770183ed18bd63499231b59cf6', '2016-11-04 17:54:02', '2016-11-04 17:54:02'),
	(210, 1, 'df9779770183ed18bd63499231b59cf6', '2016-11-04 17:54:03', '2016-11-04 17:54:03'),
	(211, 1, '936bee520a86ceb79f6ede201bdb4df6', '2016-11-04 17:54:36', '2016-11-04 17:54:36'),
	(212, 1, '936bee520a86ceb79f6ede201bdb4df6', '2016-11-04 17:54:37', '2016-11-04 17:54:37'),
	(213, 1, 'e02b7a69b6b82e46804c51a3e4dea61b', '2016-11-04 18:26:21', '2016-11-04 18:26:21'),
	(214, 1, 'e02b7a69b6b82e46804c51a3e4dea61b', '2016-11-04 18:26:23', '2016-11-04 18:26:23'),
	(215, 1, '71e84ac1c3a5e1827e5ccc2bc0872202', '2016-11-04 18:27:12', '2016-11-04 18:27:12'),
	(216, 1, '71e84ac1c3a5e1827e5ccc2bc0872202', '2016-11-04 18:27:13', '2016-11-04 18:27:13'),
	(217, 1, 'c089f9bace37e8dd145558bf60ab9ac3', '2016-11-09 06:02:26', '2016-11-09 06:02:26'),
	(218, 1, 'c089f9bace37e8dd145558bf60ab9ac3', '2016-11-09 06:02:27', '2016-11-09 06:02:27'),
	(219, 1, '72f4b2f4fc5cbc87074b4e3e5ca6e44d', '2016-11-09 06:02:50', '2016-11-09 06:02:50'),
	(220, 1, '72f4b2f4fc5cbc87074b4e3e5ca6e44d', '2016-11-09 06:02:51', '2016-11-09 06:02:51'),
	(221, 1, 'e578523c76294a9d2c1b7df50ee18870', '2016-11-11 16:03:15', '2016-11-11 16:03:15'),
	(222, 1, 'e578523c76294a9d2c1b7df50ee18870', '2016-11-11 16:03:17', '2016-11-11 16:03:17'),
	(223, 1, '090fb1924e9b95df481e8ba72e6488b9', '2016-12-01 15:18:18', '2016-12-01 15:18:18'),
	(224, 1, '090fb1924e9b95df481e8ba72e6488b9', '2016-12-01 15:18:19', '2016-12-01 15:18:19'),
	(225, 1, '5adbeefdec47f1d01a6197ca57e57e9f', '2016-12-02 23:03:24', '2016-12-02 23:03:24'),
	(226, 1, 'c21c27f8b08465ebd31a553f44e85e50', '2016-12-02 23:03:30', '2016-12-02 23:03:30'),
	(227, 1, 'a472ca6bc590db9e5e0ca1e27b600596', '2016-12-02 23:03:36', '2016-12-02 23:03:36'),
	(228, 1, 'f685846a3ae6dbb02d82449bffcd47ed', '2016-12-02 23:05:59', '2016-12-02 23:05:59'),
	(229, 1, '95d8c3a4aa3b4fd8650e61622af0240c', '2016-12-02 23:07:37', '2016-12-02 23:07:37'),
	(230, 1, '940b84eb712dcdab6ab1b0c08df39c86', '2016-12-02 23:08:21', '2016-12-02 23:08:21'),
	(231, 1, '2afa819102388067e5531ea073aec110', '2016-12-02 23:17:47', '2016-12-02 23:17:47'),
	(232, 1, '2a5b539c29a473a85b16c46b93508a07', '2016-12-04 20:45:24', '2016-12-04 20:45:24'),
	(233, 1, 'ee2aae414a414be87a18c9c5215e1954', '2016-12-04 20:45:26', '2016-12-04 20:45:26'),
	(234, 1, '3d4272b83889ae54a5604bbd73585645', '2016-12-04 20:53:12', '2016-12-04 20:53:12'),
	(235, 1, '5c443cd6916f69c395554e8385f72b02', '2016-12-04 20:55:08', '2016-12-04 20:55:08'),
	(236, 1, '5c443cd6916f69c395554e8385f72b02', '2016-12-04 20:55:09', '2016-12-04 20:55:09'),
	(237, 1, '7e36fd1548ad8f015273d97d449e8c4c', '2016-12-04 21:13:21', '2016-12-04 21:13:21'),
	(238, 1, '485781f6a5fff21b6a468d5e982c6d36', '2016-12-15 12:36:44', '2016-12-15 12:36:44'),
	(239, 1, '511963dadf2bd2f3145c56cd84c3e867', '2016-12-19 12:23:52', '2016-12-19 12:23:52'),
	(240, 1, '511963dadf2bd2f3145c56cd84c3e867', '2016-12-19 12:23:53', '2016-12-19 12:23:53'),
	(241, 1, '5241208ae9ffe9bb316066d9f219df03', '2017-01-10 23:51:09', '2017-01-10 23:51:09'),
	(242, 1, '5241208ae9ffe9bb316066d9f219df03', '2017-01-10 23:51:10', '2017-01-10 23:51:10'),
	(243, 1, '084a04effdbfb394df8aa92dc4f20db2', '2017-01-10 23:51:12', '2017-01-10 23:51:12'),
	(244, 1, '084a04effdbfb394df8aa92dc4f20db2', '2017-01-10 23:51:13', '2017-01-10 23:51:13'),
	(245, 1, '1aa803501f884af927e157e42668ecd7', '2017-01-10 23:51:15', '2017-01-10 23:51:15'),
	(246, 1, '1aa803501f884af927e157e42668ecd7', '2017-01-10 23:51:16', '2017-01-10 23:51:16'),
	(247, 1, '490807250718f31deab01d597a6b6bba', '2017-01-23 18:25:26', '2017-01-23 18:25:26'),
	(248, 1, '490807250718f31deab01d597a6b6bba', '2017-01-23 18:25:26', '2017-01-23 18:25:26'),
	(249, 1, 'f222da0852cfa6a2dcae0c04fc88caad', '2017-01-26 08:23:13', '2017-01-26 08:23:13'),
	(250, 1, 'f222da0852cfa6a2dcae0c04fc88caad', '2017-01-26 08:23:13', '2017-01-26 08:23:13'),
	(251, 1, '162f0f0158b529c72a69e10c2827fa68', '2017-01-26 21:45:18', '2017-01-26 21:45:18'),
	(252, 1, '162f0f0158b529c72a69e10c2827fa68', '2017-01-26 21:45:18', '2017-01-26 21:45:18'),
	(253, 1, '923d940bc18eb7196d5286f2ae7d5d70', '2017-01-26 21:45:19', '2017-01-26 21:45:19'),
	(254, 1, '923d940bc18eb7196d5286f2ae7d5d70', '2017-01-26 21:45:19', '2017-01-26 21:45:19'),
	(255, 1, '6d50c986aa58cd8cefa78761f078e959', '2017-01-27 14:52:30', '2017-01-27 14:52:30'),
	(256, 1, '6d50c986aa58cd8cefa78761f078e959', '2017-01-27 14:52:30', '2017-01-27 14:52:30'),
	(257, 1, '396177fbc6b6323dc1acd7e3b57ed3b2', '2017-01-27 15:17:43', '2017-01-27 15:17:43'),
	(258, 1, '396177fbc6b6323dc1acd7e3b57ed3b2', '2017-01-27 15:17:45', '2017-01-27 15:17:45'),
	(259, 1, '9dce55884fdcfdfde3b6c1fc71c8ae33', '2017-01-27 15:43:41', '2017-01-27 15:43:41'),
	(260, 1, '9dce55884fdcfdfde3b6c1fc71c8ae33', '2017-01-27 15:43:41', '2017-01-27 15:43:41'),
	(261, 1, '70e0c9df2601e395b33f99c565098579', '2017-01-27 15:54:50', '2017-01-27 15:54:50'),
	(262, 1, '70e0c9df2601e395b33f99c565098579', '2017-01-27 15:54:50', '2017-01-27 15:54:50'),
	(263, 1, '69bbebfefa04cb1fb2fd66c2175ce0ef', '2017-01-27 15:57:15', '2017-01-27 15:57:15'),
	(264, 1, '69bbebfefa04cb1fb2fd66c2175ce0ef', '2017-01-27 15:57:15', '2017-01-27 15:57:15'),
	(265, 1, 'cdcab43b3c4fc7f05478e434bf7e0b9b', '2017-01-27 16:10:25', '2017-01-27 16:10:25'),
	(266, 1, 'cdcab43b3c4fc7f05478e434bf7e0b9b', '2017-01-27 16:10:26', '2017-01-27 16:10:26'),
	(267, 1, '4687a39fcd7779de04ef370bce87ac59', '2017-01-27 16:10:38', '2017-01-27 16:10:38'),
	(268, 1, '4687a39fcd7779de04ef370bce87ac59', '2017-01-27 16:10:38', '2017-01-27 16:10:38'),
	(269, 1, '5aa94f8e38c8d1fc3fa1aadee2301257', '2017-01-27 16:10:59', '2017-01-27 16:10:59'),
	(270, 1, '5aa94f8e38c8d1fc3fa1aadee2301257', '2017-01-27 16:10:59', '2017-01-27 16:10:59'),
	(271, 1, 'edc460efe45f3a9f092aeccc6de01b32', '2017-01-27 23:28:02', '2017-01-27 23:28:02'),
	(272, 1, 'edc460efe45f3a9f092aeccc6de01b32', '2017-01-27 23:28:02', '2017-01-27 23:28:02'),
	(273, 1, 'a98b0ce4b6d520f729cae92545f8e442', '2017-01-27 23:30:25', '2017-01-27 23:30:25'),
	(274, 1, 'a98b0ce4b6d520f729cae92545f8e442', '2017-01-27 23:30:26', '2017-01-27 23:30:26'),
	(275, 1, '02d17f0c17f061ee20a91170109cd02f', '2017-01-27 23:36:10', '2017-01-27 23:36:10'),
	(276, 1, '02d17f0c17f061ee20a91170109cd02f', '2017-01-27 23:36:10', '2017-01-27 23:36:10'),
	(277, 1, 'f120fa7b4084ce40dee686dd4d41ec34', '2017-01-28 01:48:04', '2017-01-28 01:48:04'),
	(278, 1, 'f120fa7b4084ce40dee686dd4d41ec34', '2017-01-28 01:48:04', '2017-01-28 01:48:04'),
	(279, 1, 'f855bb5028874d1619e13312568ee8a1', '2017-01-28 01:52:19', '2017-01-28 01:52:19'),
	(280, 1, 'f855bb5028874d1619e13312568ee8a1', '2017-01-28 01:52:19', '2017-01-28 01:52:19'),
	(281, 1, 'bb7565ce43c7e781cf74bfe3bf7f2e6f', '2017-01-28 01:52:38', '2017-01-28 01:52:38'),
	(282, 1, 'bb7565ce43c7e781cf74bfe3bf7f2e6f', '2017-01-28 01:52:38', '2017-01-28 01:52:38'),
	(283, 64, 'abab9f650cf9e68253057a72bcdd9bc9', '2017-01-28 02:10:03', '2017-01-28 02:10:03'),
	(284, 64, 'abab9f650cf9e68253057a72bcdd9bc9', '2017-01-28 02:10:04', '2017-01-28 02:10:04'),
	(285, 1, 'd4805e4e16d94a2acb9366ed06acbef9', '2017-01-28 13:13:19', '2017-01-28 13:13:19'),
	(286, 1, 'd4805e4e16d94a2acb9366ed06acbef9', '2017-01-28 13:13:19', '2017-01-28 13:13:19'),
	(287, 1, 'bf41d7db80799829d10e2ad31afb1cbb', '2017-01-28 13:37:15', '2017-01-28 13:37:15'),
	(288, 1, 'bf41d7db80799829d10e2ad31afb1cbb', '2017-01-28 13:37:15', '2017-01-28 13:37:15'),
	(289, 1, 'f59a4a7a3353cd46b497c0814347d4ef', '2017-01-28 14:34:33', '2017-01-28 14:34:33'),
	(290, 1, 'f59a4a7a3353cd46b497c0814347d4ef', '2017-01-28 14:34:33', '2017-01-28 14:34:33'),
	(291, 1, '4263bba838819919652e217a89799519', '2017-01-28 14:36:15', '2017-01-28 14:36:15'),
	(292, 1, '4263bba838819919652e217a89799519', '2017-01-28 14:36:16', '2017-01-28 14:36:16'),
	(293, 1, 'a556fb61d8cc015e406d50baf98bc5ae', '2017-01-28 14:40:50', '2017-01-28 14:40:50'),
	(294, 1, 'a556fb61d8cc015e406d50baf98bc5ae', '2017-01-28 14:40:51', '2017-01-28 14:40:51'),
	(295, 1, '5bed96d692cc6978dfa73dc6c983cf30', '2017-01-28 14:41:08', '2017-01-28 14:41:08'),
	(296, 1, '5bed96d692cc6978dfa73dc6c983cf30', '2017-01-28 14:41:11', '2017-01-28 14:41:11'),
	(297, 1, '5d08f80ca3c4034937f5aa28e351b1f9', '2017-01-28 14:50:22', '2017-01-28 14:50:22'),
	(298, 1, '5d08f80ca3c4034937f5aa28e351b1f9', '2017-01-28 14:50:22', '2017-01-28 14:50:22'),
	(299, 1, '0d014ad600c83ec389c908c4b36bf0f2', '2017-01-28 14:52:33', '2017-01-28 14:52:33'),
	(300, 1, '0d014ad600c83ec389c908c4b36bf0f2', '2017-01-28 14:52:33', '2017-01-28 14:52:33'),
	(301, 1, 'dfd4443df944b922173007d55a6aedfd', '2017-01-28 14:54:46', '2017-01-28 14:54:46'),
	(302, 1, 'dfd4443df944b922173007d55a6aedfd', '2017-01-28 14:54:46', '2017-01-28 14:54:46'),
	(303, 1, '29bbcc6bac9945a9512e7e8b4ad72c99', '2017-01-28 14:56:44', '2017-01-28 14:56:44'),
	(304, 1, '29bbcc6bac9945a9512e7e8b4ad72c99', '2017-01-28 14:56:44', '2017-01-28 14:56:44'),
	(305, 1, 'fda628027a54ebc1d6ddff6c1eeeebf2', '2017-01-28 14:59:45', '2017-01-28 14:59:45'),
	(306, 1, 'fda628027a54ebc1d6ddff6c1eeeebf2', '2017-01-28 14:59:46', '2017-01-28 14:59:46'),
	(307, 1, '4c2ad0fadb463e846b04b84e84c07100', '2017-01-28 15:11:31', '2017-01-28 15:11:31'),
	(308, 1, '4c2ad0fadb463e846b04b84e84c07100', '2017-01-28 15:11:31', '2017-01-28 15:11:31'),
	(309, 1, 'a63ed1fa76e9ab043da00955f21e9565', '2017-01-28 15:13:43', '2017-01-28 15:13:43'),
	(310, 1, 'a46fd67527ef11a8f231d47c605e7959', '2017-01-28 15:13:44', '2017-01-28 15:13:44'),
	(311, 1, '1fe15c4d1d4ab8c7feaae94071fb874c', '2017-01-28 15:25:05', '2017-01-28 15:25:05'),
	(312, 1, 'e4adb905739bf97e6d6302daa6702192', '2017-01-28 15:25:06', '2017-01-28 15:25:06'),
	(313, 1, '16e98b3b06f2bd004a256e277a007e4d', '2017-01-28 15:25:19', '2017-01-28 15:25:19'),
	(314, 1, '16e98b3b06f2bd004a256e277a007e4d', '2017-01-28 15:25:19', '2017-01-28 15:25:19'),
	(315, 1, 'd5a58baf101b87155acb423f6e17c1e8', '2017-01-28 15:25:33', '2017-01-28 15:25:33'),
	(316, 1, 'd5a58baf101b87155acb423f6e17c1e8', '2017-01-28 15:25:33', '2017-01-28 15:25:33'),
	(317, 1, '0146023a641b679cc81e6ccc373ec787', '2017-01-28 15:26:52', '2017-01-28 15:26:52'),
	(318, 1, '0146023a641b679cc81e6ccc373ec787', '2017-01-28 15:26:52', '2017-01-28 15:26:52'),
	(319, 1, 'b4625165786b63e178f0502db7bdb40f', '2017-01-28 15:28:00', '2017-01-28 15:28:00'),
	(320, 1, '10a5d8810b69ba6f0c4420525357765d', '2017-01-28 15:28:02', '2017-01-28 15:28:02'),
	(321, 1, '42445abfb049e04f598a53d065e60bed', '2017-01-28 15:28:35', '2017-01-28 15:28:35'),
	(322, 1, '42445abfb049e04f598a53d065e60bed', '2017-01-28 15:28:36', '2017-01-28 15:28:36'),
	(323, 1, 'cc026b5e21863901ac28d40ba2bb1c5d', '2017-01-28 15:28:46', '2017-01-28 15:28:46'),
	(324, 1, 'cc026b5e21863901ac28d40ba2bb1c5d', '2017-01-28 15:28:47', '2017-01-28 15:28:47'),
	(325, 1, 'fbc74b355c8c2f2fa584d7943942ef21', '2017-01-28 15:28:55', '2017-01-28 15:28:55'),
	(326, 1, 'fbc74b355c8c2f2fa584d7943942ef21', '2017-01-28 15:28:55', '2017-01-28 15:28:55'),
	(327, 1, 'cf84e8afcdb57a6a6b37b2ba761ed7b2', '2017-01-28 18:08:35', '2017-01-28 18:08:35'),
	(328, 1, 'cf84e8afcdb57a6a6b37b2ba761ed7b2', '2017-01-28 18:08:36', '2017-01-28 18:08:36'),
	(329, 1, '9b543343038c68c9762b05b8e412056f', '2017-01-28 18:34:21', '2017-01-28 18:34:21'),
	(330, 1, '9b543343038c68c9762b05b8e412056f', '2017-01-28 18:34:21', '2017-01-28 18:34:21'),
	(331, 1, '36a4a8163b118396d119e46df064bae2', '2017-01-28 18:34:46', '2017-01-28 18:34:46'),
	(332, 1, '36a4a8163b118396d119e46df064bae2', '2017-01-28 18:34:46', '2017-01-28 18:34:46'),
	(333, 1, 'c7f8013df1116f2998a6144888e15947', '2017-01-28 18:39:51', '2017-01-28 18:39:51'),
	(334, 1, 'c7f8013df1116f2998a6144888e15947', '2017-01-28 18:39:51', '2017-01-28 18:39:51'),
	(335, 1, '6824f127bae24eb994be8fd3dedbb8e5', '2017-01-28 18:41:16', '2017-01-28 18:41:16'),
	(336, 1, '6824f127bae24eb994be8fd3dedbb8e5', '2017-01-28 18:41:16', '2017-01-28 18:41:16'),
	(337, 1, '7439f78a6d994386914816ce56e4cc5a', '2017-01-28 18:43:48', '2017-01-28 18:43:48'),
	(338, 1, '7439f78a6d994386914816ce56e4cc5a', '2017-01-28 18:43:48', '2017-01-28 18:43:48'),
	(339, 1, 'a7d89cbe94be8f74f9b64e323e91e46a', '2017-01-28 18:45:35', '2017-01-28 18:45:35'),
	(340, 1, 'a7d89cbe94be8f74f9b64e323e91e46a', '2017-01-28 18:45:35', '2017-01-28 18:45:35'),
	(341, 1, '29fc11cffb05defc4c5ed96b2357f6f7', '2017-01-28 22:28:40', '2017-01-28 22:28:40'),
	(342, 1, '14225b8c93df94c39d6d1fe2f198355c', '2017-01-28 22:31:32', '2017-01-28 22:31:32'),
	(343, 1, '7fbcb1a297001a373f9eb471ef103c22', '2017-01-28 22:33:03', '2017-01-28 22:33:03'),
	(344, 1, '53d69218be38c278d426bbb8a6d55fa4', '2017-01-29 00:07:54', '2017-01-29 00:07:54'),
	(345, 1, '2350f61e7ea192d997778fd9fc14ccca', '2017-01-29 00:08:46', '2017-01-29 00:08:46'),
	(346, 1, '2350f61e7ea192d997778fd9fc14ccca', '2017-01-29 00:08:46', '2017-01-29 00:08:46'),
	(347, 1, '8dd7d4b10e09ac67e5d31511fc7cb901', '2017-01-29 00:08:53', '2017-01-29 00:08:53'),
	(348, 1, '8dd7d4b10e09ac67e5d31511fc7cb901', '2017-01-29 00:08:53', '2017-01-29 00:08:53'),
	(349, 1, '026626f1e1da079e529289fb3aafe3c4', '2017-01-29 00:09:01', '2017-01-29 00:09:01'),
	(350, 1, '026626f1e1da079e529289fb3aafe3c4', '2017-01-29 00:09:01', '2017-01-29 00:09:01'),
	(351, 1, '76a6f6cf1f40867ca696e70ffdc9263e', '2017-01-29 00:09:12', '2017-01-29 00:09:12'),
	(352, 1, 'b7d1717f34227461173fc3a374c26dce', '2017-01-29 00:10:35', '2017-01-29 00:10:35'),
	(353, 1, 'b7d1717f34227461173fc3a374c26dce', '2017-01-29 00:10:35', '2017-01-29 00:10:35'),
	(354, 1, 'aec79bb0c6ee7c801c75b83e17250fde', '2017-01-29 00:11:02', '2017-01-29 00:11:02'),
	(355, 1, '478fb39104d1cf4efd1ec90fe54367e1', '2017-01-29 00:11:03', '2017-01-29 00:11:03'),
	(356, 1, '85b4f610210dd1464a81425c6e7d9745', '2017-01-29 15:39:16', '2017-01-29 15:39:16'),
	(357, 1, '85b4f610210dd1464a81425c6e7d9745', '2017-01-29 15:39:16', '2017-01-29 15:39:16'),
	(358, 1, '5fb563bb51b58e47029103bf157ee09f', '2017-01-29 15:46:06', '2017-01-29 15:46:06'),
	(359, 1, '5fb563bb51b58e47029103bf157ee09f', '2017-01-29 15:46:06', '2017-01-29 15:46:06'),
	(360, 1, '20aa2da4c2fbc10a32fa088bada6bc76', '2017-01-29 15:49:23', '2017-01-29 15:49:23'),
	(361, 1, '20aa2da4c2fbc10a32fa088bada6bc76', '2017-01-29 15:49:23', '2017-01-29 15:49:23'),
	(362, 1, '61a991933dc9519b7fc00c14a85feded', '2017-01-29 15:54:08', '2017-01-29 15:54:08'),
	(363, 1, '61a991933dc9519b7fc00c14a85feded', '2017-01-29 15:54:08', '2017-01-29 15:54:08'),
	(364, 1, 'f7da5bb88c62d760c08c3f29bfba7499', '2017-01-29 15:57:31', '2017-01-29 15:57:31'),
	(365, 1, 'f7da5bb88c62d760c08c3f29bfba7499', '2017-01-29 15:57:32', '2017-01-29 15:57:32'),
	(366, 1, '8f78ba11ce6f3bcfde6cc56d667888af', '2017-01-29 15:57:53', '2017-01-29 15:57:53'),
	(367, 1, '8f78ba11ce6f3bcfde6cc56d667888af', '2017-01-29 15:57:53', '2017-01-29 15:57:53'),
	(368, 1, 'bc1c263398a00b7a06b54b596ea1aa70', '2017-01-29 15:59:55', '2017-01-29 15:59:55'),
	(369, 1, 'bc1c263398a00b7a06b54b596ea1aa70', '2017-01-29 15:59:55', '2017-01-29 15:59:55'),
	(370, 1, '09790cf497f3ad1975055736f8532768', '2017-01-29 16:20:41', '2017-01-29 16:20:41'),
	(371, 1, '09790cf497f3ad1975055736f8532768', '2017-01-29 16:20:41', '2017-01-29 16:20:41'),
	(372, 1, 'ef5e7f82c696803cb7aca5a4c8deea8b', '2017-01-29 23:35:41', '2017-01-29 23:35:41'),
	(373, 1, 'ef5e7f82c696803cb7aca5a4c8deea8b', '2017-01-29 23:35:41', '2017-01-29 23:35:41'),
	(374, 1, 'ac60e2eb96870382f73475430c0586db', '2017-01-30 23:47:08', '2017-01-30 23:47:08'),
	(375, 1, 'ac60e2eb96870382f73475430c0586db', '2017-01-30 23:47:08', '2017-01-30 23:47:08'),
	(376, 1, '14db5685acd4ce51b88cfaf2e596ef5a', '2017-02-02 18:18:28', '2017-02-02 18:18:28'),
	(377, 1, '14db5685acd4ce51b88cfaf2e596ef5a', '2017-02-02 18:18:28', '2017-02-02 18:18:28'),
	(378, 1, '13a2353f4e34f298982d0d3dc1d8968c', '2017-02-02 20:27:40', '2017-02-02 20:27:40'),
	(379, 1, '13a2353f4e34f298982d0d3dc1d8968c', '2017-02-02 20:27:40', '2017-02-02 20:27:40'),
	(380, 1, 'f9f901d404ba5610940f917853cf3f4d', '2017-02-04 05:45:00', '2017-02-04 05:45:00'),
	(381, 1, '2cbbc34d1828a828defd7c9a480a1cc2', '2017-02-04 21:28:18', '2017-02-04 21:28:18'),
	(382, 1, '2cbbc34d1828a828defd7c9a480a1cc2', '2017-02-04 21:28:18', '2017-02-04 21:28:18'),
	(383, 1, '6b0b33fdb38f204376634ec91e7ffd21', '2017-02-04 21:49:07', '2017-02-04 21:49:07'),
	(384, 1, '6b0b33fdb38f204376634ec91e7ffd21', '2017-02-04 21:49:07', '2017-02-04 21:49:07'),
	(385, 1, 'e62f797e8fb6fdee38034e69ffe3668e', '2017-02-07 01:50:14', '2017-02-07 01:50:14'),
	(386, 1, 'e62f797e8fb6fdee38034e69ffe3668e', '2017-02-07 01:50:14', '2017-02-07 01:50:14'),
	(387, 1, 'ab07571cd9e5808e4fd6be68634b81cd', '2017-02-08 02:57:14', '2017-02-08 02:57:14'),
	(388, 1, 'ab07571cd9e5808e4fd6be68634b81cd', '2017-02-08 02:57:14', '2017-02-08 02:57:14'),
	(389, 1, '77de60448bf26e1ecfe6361c428733d9', '2017-02-09 22:11:40', '2017-02-09 22:11:40'),
	(390, 1, '77de60448bf26e1ecfe6361c428733d9', '2017-02-09 22:11:41', '2017-02-09 22:11:41'),
	(391, 1, '83ff2b2f5d19b9e89180f87991d24ece', '2017-02-09 23:33:30', '2017-02-09 23:33:30'),
	(392, 1, '83ff2b2f5d19b9e89180f87991d24ece', '2017-02-09 23:33:31', '2017-02-09 23:33:31'),
	(393, 1, 'ba6398322d30a6e38f0fc85a36372a98', '2017-02-11 22:47:58', '2017-02-11 22:47:58'),
	(394, 1, 'ba6398322d30a6e38f0fc85a36372a98', '2017-02-11 22:47:58', '2017-02-11 22:47:58'),
	(395, 1, '3b8631ec90fc29a8c261ff5037000ad7', '2017-02-27 13:55:47', '2017-02-27 13:55:47'),
	(396, 1, '3b8631ec90fc29a8c261ff5037000ad7', '2017-02-27 13:55:47', '2017-02-27 13:55:47'),
	(397, 1, 'f4e0c8001fbd289e9742e726f6b24fb5', '2017-03-02 16:03:27', '2017-03-02 16:03:27'),
	(398, 1, 'f4e0c8001fbd289e9742e726f6b24fb5', '2017-03-02 16:03:27', '2017-03-02 16:03:27'),
	(399, 1, 'f77badc003c757479ef3e0156f0fa3f1', '2017-03-14 03:29:07', '2017-03-14 03:29:07'),
	(400, 1, 'f77badc003c757479ef3e0156f0fa3f1', '2017-03-14 03:29:07', '2017-03-14 03:29:07'),
	(401, 1, '77d1424c54d0df6050f19f97835bab6a', '2017-03-14 03:29:45', '2017-03-14 03:29:45'),
	(402, 1, '77d1424c54d0df6050f19f97835bab6a', '2017-03-14 03:29:46', '2017-03-14 03:29:46'),
	(403, 1, 'e6875d132f487d713694d7733997188d', '2017-03-14 03:30:22', '2017-03-14 03:30:22'),
	(404, 1, '6ffb7a778e65cff045df493bf5a90117', '2017-03-22 14:39:41', '2017-03-22 14:39:41'),
	(405, 1, 'e2766352cb1937dbca6257e5c8ff736c', '2017-04-07 17:45:33', '2017-04-07 17:45:33'),
	(406, 1, 'e2766352cb1937dbca6257e5c8ff736c', '2017-04-07 17:45:33', '2017-04-07 17:45:33'),
	(407, 1, 'c712c8961d2dfc1c80941db0094ad09a', '2017-04-07 18:05:14', '2017-04-07 18:05:14'),
	(408, 1, 'c712c8961d2dfc1c80941db0094ad09a', '2017-04-07 18:05:15', '2017-04-07 18:05:15');
/*!40000 ALTER TABLE `sessions` ENABLE KEYS */;

-- Дамп структуры для таблица scandinaver.users
CREATE TABLE IF NOT EXISTS `users` (
  `id` int(11) NOT NULL AUTO_INCREMENT,
  `login` varchar(255) NOT NULL,
  `active_to` timestamp NULL DEFAULT NULL,
  `name` varchar(255) DEFAULT NULL,
  `pass` varchar(255) NOT NULL,
  `photo` varchar(255) DEFAULT NULL,
  `avatar` varchar(255) DEFAULT NULL,
  `restore_link` varchar(255) DEFAULT NULL,
  `email` varchar(255) NOT NULL,
  `active` int(1) NOT NULL DEFAULT '1',
  `role` varchar(255) DEFAULT NULL,
  `created_at` timestamp NULL DEFAULT NULL,
  `deleted_at` timestamp NULL DEFAULT NULL,
  `updated_at` timestamp NULL DEFAULT NULL,
  `last_online` timestamp NULL DEFAULT NULL,
  `openpass` varchar(255) DEFAULT NULL,
  PRIMARY KEY (`id`),
  UNIQUE KEY `email` (`email`),
  KEY `restore_link` (`restore_link`),
  KEY `last_online` (`last_online`),
  KEY `id` (`id`)
) ENGINE=MyISAM AUTO_INCREMENT=68 DEFAULT CHARSET=utf8;

-- Дамп данных таблицы scandinaver.users: 7 rows
/*!40000 ALTER TABLE `users` DISABLE KEYS */;
INSERT INTO `users` (`id`, `login`, `active_to`, `name`, `pass`, `photo`, `avatar`, `restore_link`, `email`, `active`, `role`, `created_at`, `deleted_at`, `updated_at`, `last_online`, `openpass`) VALUES
	(1, 'admin', '2017-04-28 00:00:00', 'adminname', 'b06113e3709fcef818d382029cc32e9a', '/uploads/photo/58d261b5895ed.png', '/uploads/thumbs/58d261b5895ed.png', NULL, 'john@scandinaver.org', 1, 'admin', '2015-07-19 00:00:00', NULL, '2017-04-07 18:04:36', '2016-05-22 06:32:14', '901018'),
	(52, 'test', '2017-03-10 21:54:08', 'test', 'b06113e3709fcef818d382029cc32e9a', NULL, NULL, NULL, '', 1, 'admin', '2016-05-22 00:00:00', NULL, '0000-00-00 00:00:00', NULL, NULL),
	(63, '1', '2017-03-06 21:54:09', NULL, 'c4ca4238a0b923820dcc509a6f75849b', NULL, NULL, NULL, '1@1', 1, 'user', '2016-09-05 00:11:31', NULL, '2016-09-05 00:11:31', NULL, '1'),
	(64, '2', '2017-03-06 21:54:11', NULL, 'c81e728d9d4c2f636f067f89cc14862c', NULL, NULL, NULL, '2@2', 1, 'user', '2016-09-05 00:16:41', NULL, '2016-09-05 00:16:41', NULL, '2'),
	(65, '3', '2017-03-05 21:54:12', NULL, 'eccbc87e4b5ce2fe28308fd9f2a7baf3', NULL, NULL, NULL, '3@scandinaver.org', 1, 'user', '2016-09-05 00:20:23', NULL, '2016-09-05 00:20:23', NULL, '3'),
	(66, 'ффф', '2017-03-06 21:54:12', NULL, '5232079569fa837a22bf0f7a3981907c', NULL, NULL, NULL, 'sdfds@mail.ru', 1, 'user', '2017-01-28 14:26:01', NULL, '2017-01-28 14:26:01', NULL, 'ффф'),
	(67, 'ффф', '2017-03-06 21:54:12', NULL, '5232079569fa837a22bf0f7a3981907c', NULL, NULL, NULL, 'sdgfds@mail.ru', 1, 'user', '2017-03-28 14:26:01', NULL, '2017-01-28 14:26:01', NULL, 'ффф');
/*!40000 ALTER TABLE `users` ENABLE KEYS */;

/*!40101 SET SQL_MODE=IFNULL(@OLD_SQL_MODE, '') */;
/*!40014 SET FOREIGN_KEY_CHECKS=IF(@OLD_FOREIGN_KEY_CHECKS IS NULL, 1, @OLD_FOREIGN_KEY_CHECKS) */;
/*!40101 SET CHARACTER_SET_CLIENT=@OLD_CHARACTER_SET_CLIENT */;
